,model_name,threshold,image_name,distance
0,0FCMN16rmsprop_lr0.0001_prep_mobilenet_ep150,0.1,0766.jpg,0.28909307486529295
1,0FCMN16rmsprop_lr0.0001_prep_mobilenet_ep150,0.1,0485.jpg,0.0782326591228559
2,0FCMN16rmsprop_lr0.0001_prep_mobilenet_ep150,0.1,0674.jpg,0.1880558795849793
3,0FCMN16rmsprop_lr0.0001_prep_mobilenet_ep150,0.1,0417.jpg,0.04104076394826312
4,0FCMN16rmsprop_lr0.0001_prep_mobilenet_ep150,0.1,0136.jpg,0.07584337958968533
5,0FCMN16rmsprop_lr0.0001_prep_mobilenet_ep150,0.1,0570.jpg,0.5659643867572823
6,0FCMN16rmsprop_lr0.0001_prep_mobilenet_ep150,0.1,0119.jpg,0.0031719390736091946
7,0FCMN16rmsprop_lr0.0001_prep_mobilenet_ep150,0.1,0595.jpg,0.2809683420172663
8,0FCMN16rmsprop_lr0.0001_prep_mobilenet_ep150,0.1,0758.jpg,0.018604031742659424
9,0FCMN16rmsprop_lr0.0001_prep_mobilenet_ep150,0.1,0479.jpg,0.009542756695641799
10,0FCMN16rmsprop_lr0.0001_prep_mobilenet_ep150,0.1,0330.jpg,0.37949632351536694
11,0FCMN16rmsprop_lr0.0001_prep_mobilenet_ep150,0.1,0379.jpg,
12,0FCMN16rmsprop_lr0.0001_prep_mobilenet_ep150,0.1,0443.jpg,
13,0FCMN16rmsprop_lr0.0001_prep_mobilenet_ep150,0.1,0025.jpg,0.021939076884488286
14,0FCMN16rmsprop_lr0.0001_prep_mobilenet_ep150,0.1,0678.jpg,0.02015418857024274
15,0FCMN16rmsprop_lr0.0001_prep_mobilenet_ep150,0.1,0547.jpg,0.023905066546770996
16,0FCMN16rmsprop_lr0.0001_prep_mobilenet_ep150,0.1,0122.jpg,0.029448327933272636
17,0FCMN16rmsprop_lr0.0001_prep_mobilenet_ep150,0.1,0465.jpg,0.2460577138624826
18,0FCMN16rmsprop_lr0.0001_prep_mobilenet_ep150,0.1,0163.jpg,0.05152955308612797
19,0FCMN16rmsprop_lr0.0001_prep_mobilenet_ep150,0.1,0476.jpg,0.016383630605308144
20,0FCMN16rmsprop_lr0.0001_prep_mobilenet_ep150,0.1,0763.jpg,0.03691884355028469
21,0FCMN16rmsprop_lr0.0001_prep_mobilenet_ep150,0.1,0067.jpg,
22,0FCMN16rmsprop_lr0.0001_prep_mobilenet_ep150,0.1,0771.jpg,0.045454958941084554
23,0FCMN16rmsprop_lr0.0001_prep_mobilenet_ep150,0.1,0714.jpg,0.15991040715279345
24,0FCMN16rmsprop_lr0.0001_prep_mobilenet_ep150,0.1,0106.jpg,0.06063236178510804
25,0FCMN16rmsprop_lr0.0001_prep_mobilenet_ep150,0.1,0440.jpg,0.15634389815549174
26,0FCMN16rmsprop_lr0.0001_prep_mobilenet_ep150,0.1,0468.jpg,0.05679662874110923
27,0FCMN16rmsprop_lr0.0001_prep_mobilenet_ep150,0.1,0321.jpg,
28,0FCMN16rmsprop_lr0.0001_prep_mobilenet_ep150,0.1,0688.jpg,0.08200734989895792
29,0FCMN16rmsprop_lr0.0001_prep_mobilenet_ep150,0.1,0049.jpg,0.03726865266163038
30,0FCMN16rmsprop_lr0.0001_prep_mobilenet_ep150,0.1,0010.jpg,0.02199381793059905
31,0FCMN16rmsprop_lr0.0001_prep_mobilenet_ep150,0.1,0061.jpg,
32,0FCMN16rmsprop_lr0.0001_prep_mobilenet_ep150,0.1,0666.jpg,0.5085667745054138
33,0FCMN16rmsprop_lr0.0001_prep_mobilenet_ep150,0.1,0323.jpg,0.1590393727473629
34,0FCMN16rmsprop_lr0.0001_prep_mobilenet_ep150,0.1,0058.jpg,0.18914486074301481
35,0FCMN16rmsprop_lr0.0001_prep_mobilenet_ep150,0.1,0429.jpg,0.004989124923825227
36,0FCMN16rmsprop_lr0.0001_prep_mobilenet_ep150,0.1,0624.jpg,0.4001257772054398
37,0FCMN16rmsprop_lr0.0001_prep_mobilenet_ep150,0.1,0213.jpg,
38,0FCMN16rmsprop_lr0.0001_prep_mobilenet_ep150,0.1,0487.jpg,0.03028774424668856
39,0FCMN16rmsprop_lr0.0001_prep_mobilenet_ep150,0.1,0021.jpg,
40,0FCMN16rmsprop_lr0.0001_prep_mobilenet_ep150,0.1,0644.jpg,0.024163527137036882
41,0FCMN16rmsprop_lr0.0001_prep_mobilenet_ep150,0.1,0647.jpg,0.03352183619909122
42,0FCMN16rmsprop_lr0.0001_prep_mobilenet_ep150,0.1,0150.jpg,0.03660570443433791
43,0FCMN16rmsprop_lr0.0001_prep_mobilenet_ep150,0.1,0621.jpg,0.1798362315974199
44,0FCMN16rmsprop_lr0.0001_prep_mobilenet_ep150,0.1,0594.jpg,0.04698106740517285
45,0FCMN16rmsprop_lr0.0001_prep_mobilenet_ep150,0.1,0175.jpg,0.0071444319304108765
46,0FCMN16rmsprop_lr0.0001_prep_mobilenet_ep150,0.1,0110.jpg,0.01114308699254675
47,0FCMN16rmsprop_lr0.0001_prep_mobilenet_ep150,0.1,0491.jpg,0.1344095819248865
48,0FCMN16rmsprop_lr0.0001_prep_mobilenet_ep150,0.1,0669.jpg,0.25966951094834023
49,0FCMN16rmsprop_lr0.0001_prep_mobilenet_ep150,0.1,0381.jpg,0.012739929588767369
50,0FCMN16rmsprop_lr0.0001_prep_mobilenet_ep150,0.1,0577.jpg,0.09711997564289888
51,0FCMN16rmsprop_lr0.0001_prep_mobilenet_ep150,0.1,0584.jpg,0.011080168238937833
52,0FCMN16rmsprop_lr0.0001_prep_mobilenet_ep150,0.1,0062.jpg,
53,0FCMN16rmsprop_lr0.0001_prep_mobilenet_ep150,0.1,0733.jpg,0.018107126070336682
54,0FCMN16rmsprop_lr0.0001_prep_mobilenet_ep150,0.1,0684.jpg,
55,0FCMN16rmsprop_lr0.0001_prep_mobilenet_ep150,0.1,0336.jpg,0.004740751229531357
56,0FCMN16rmsprop_lr0.0001_prep_mobilenet_ep150,0.1,0480.jpg,0.01625892815689633
57,0FCMN16rmsprop_lr0.0001_prep_mobilenet_ep150,0.1,0304.jpg,
58,0FCMN16rmsprop_lr0.0001_prep_mobilenet_ep150,0.1,0378.jpg,0.010233076328993467
59,0FCMN16rmsprop_lr0.0001_prep_mobilenet_ep150,0.1,0059.jpg,7.1191214068517965
60,0FCMN16rmsprop_lr0.0001_prep_mobilenet_ep150,0.1,0083.jpg,0.09812604273662703
61,0FCMN16rmsprop_lr0.0001_prep_mobilenet_ep150,0.1,0191.jpg,0.16080183024137407
62,0FCMN16rmsprop_lr0.0001_prep_mobilenet_ep150,0.1,0037.jpg,0.0651485864120302
63,0FCMN16rmsprop_lr0.0001_prep_mobilenet_ep150,0.1,0377.jpg,0.014945001485577786
64,0FCMN16rmsprop_lr0.0001_prep_mobilenet_ep150,0.1,0617.jpg,17.16175090121614
65,0FCMN16rmsprop_lr0.0001_prep_mobilenet_ep150,0.1,0527.jpg,0.5125310904124661
66,0FCMN16rmsprop_lr0.0001_prep_mobilenet_ep150,0.1,0071.jpg,0.00782672583088484
67,0FCMN16rmsprop_lr0.0001_prep_mobilenet_ep150,0.1,0043.jpg,
68,0FCMN16rmsprop_lr0.0001_prep_mobilenet_ep150,0.1,0018.jpg,0.16171699574971996
69,0FCMN16rmsprop_lr0.0001_prep_mobilenet_ep150,0.1,0585.jpg,0.052107509604944195
70,0FCMN16rmsprop_lr0.0001_prep_mobilenet_ep150,0.1,0687.jpg,
71,0FCMN16rmsprop_lr0.0001_prep_mobilenet_ep150,0.1,0540.jpg,0.03814681700370307
72,0FCMN16rmsprop_lr0.0001_prep_mobilenet_ep150,0.1,0001.jpg,0.004955952674923716
73,0FCMN16rmsprop_lr0.0001_prep_mobilenet_ep150,0.1,0174.jpg,0.018579078212072563
74,0FCMN16rmsprop_lr0.0001_prep_mobilenet_ep150,0.1,0103.jpg,0.16697479855678463
75,0FCMN16rmsprop_lr0.0001_prep_mobilenet_ep150,0.1,0076.jpg,0.17602264069630652
76,0FCMN16rmsprop_lr0.0001_prep_mobilenet_ep150,0.1,0450.jpg,0.0038138076617112576
77,0FCMN16rmsprop_lr0.0001_prep_mobilenet_ep150,0.1,0729.jpg,0.024861576365073076
78,0FCMN16rmsprop_lr0.0001_prep_mobilenet_ep150,0.1,0068.jpg,0.02290877962585071
79,0FCMN16rmsprop_lr0.0001_prep_mobilenet_ep150,0.1,0183.jpg,0.014456652484057704
80,0FCMN16rmsprop_lr0.0001_prep_mobilenet_ep150,0.1,0550.jpg,
81,0FCMN16rmsprop_lr0.0001_prep_mobilenet_ep150,0.1,0672.jpg,
82,0FCMN16rmsprop_lr0.0001_prep_mobilenet_ep150,0.1,0710.jpg,0.00798171300429959
83,0FCMN16rmsprop_lr0.0001_prep_mobilenet_ep150,0.1,0134.jpg,0.09129150186601337
84,0FCMN16rmsprop_lr0.0001_prep_mobilenet_ep150,0.1,0578.jpg,0.10196895257389238
85,0FCMN16rmsprop_lr0.0001_prep_mobilenet_ep150,0.1,0675.jpg,0.20473257045280124
86,0FCMN16rmsprop_lr0.0001_prep_mobilenet_ep150,0.1,0374.jpg,0.05250666890393209
87,0FCMN16rmsprop_lr0.0001_prep_mobilenet_ep150,0.1,0086.jpg,0.0606195463863625
88,0FCMN16rmsprop_lr0.0001_prep_mobilenet_ep150,0.1,0749.jpg,0.03262991251727885
89,0FCMN16rmsprop_lr0.0001_prep_mobilenet_ep150,0.1,0258.jpg,
90,0FCMN16rmsprop_lr0.0001_prep_mobilenet_ep150,0.1,0087.jpg,0.15308691426848262
91,0FCMN16rmsprop_lr0.0001_prep_mobilenet_ep150,0.1,0431.jpg,0.014553857687120213
92,0FCMN16rmsprop_lr0.0001_prep_mobilenet_ep150,0.1,0015.jpg,0.2796618839336379
93,0FCMN16rmsprop_lr0.0001_prep_mobilenet_ep150,0.1,0460.jpg,0.5599368479984282
94,0FCMN16rmsprop_lr0.0001_prep_mobilenet_ep150,0.1,0626.jpg,18.401471165640192
95,0FCMN16rmsprop_lr0.0001_prep_mobilenet_ep150,0.1,0535.jpg,0.1620315874127751
96,0FCMN16rmsprop_lr0.0001_prep_mobilenet_ep150,0.1,0187.jpg,0.10352760979640817
97,0FCMN16rmsprop_lr0.0001_prep_mobilenet_ep150,0.1,0094.jpg,0.01145533404322711
98,0FCMN16rmsprop_lr0.0001_prep_mobilenet_ep150,0.1,0141.jpg,0.01129113496282991
99,0FCMN16rmsprop_lr0.0001_prep_mobilenet_ep150,0.1,0372.jpg,0.17103182836644093
100,0FCMN16rmsprop_lr0.0001_prep_mobilenet_ep150,0.1,0605.jpg,0.2956477040530108
101,0FCMN16rmsprop_lr0.0001_prep_mobilenet_ep150,0.1,0620.jpg,11.410607468974714
102,0FCMN16rmsprop_lr0.0001_prep_mobilenet_ep150,0.1,0052.jpg,0.028086690082351595
103,0FCMN16rmsprop_lr0.0001_prep_mobilenet_ep150,0.1,0609.jpg,0.015676508633870608
104,0FCMN16rmsprop_lr0.0001_prep_mobilenet_ep150,0.1,0063.jpg,
105,0FCMN16rmsprop_lr0.0001_prep_mobilenet_ep150,0.1,0281.jpg,0.0535036480044777
106,0FCMN16rmsprop_lr0.0001_prep_mobilenet_ep150,0.1,0517.jpg,0.122223790084512
107,0FCMN16rmsprop_lr0.0001_prep_mobilenet_ep150,0.1,0648.jpg,0.012608171130551692
108,0FCMN16rmsprop_lr0.0001_prep_mobilenet_ep150,0.1,0113.jpg,0.011431737723999526
109,0FCMN16rmsprop_lr0.0001_prep_mobilenet_ep150,0.1,0398.jpg,0.031254362213167616
110,0FCMN16rmsprop_lr0.0001_prep_mobilenet_ep150,0.1,0559.jpg,0.41128214329036605
111,0FCMN16rmsprop_lr0.0001_prep_mobilenet_ep150,0.1,0456.jpg,0.15226834214143095
112,0FCMN16rmsprop_lr0.0001_prep_mobilenet_ep150,0.1,0735.jpg,0.12273354301754151
113,0FCMN16rmsprop_lr0.0001_prep_mobilenet_ep150,0.1,0441.jpg,0.033544458718327584
114,0FCMN16rmsprop_lr0.0001_prep_mobilenet_ep150,0.1,0463.jpg,0.045158941150652936
115,0FCMN16rmsprop_lr0.0001_prep_mobilenet_ep150,0.1,0453.jpg,0.011783481503968782
116,0FCMN16rmsprop_lr0.0001_prep_mobilenet_ep150,0.1,0599.jpg,0.10319009853318026
117,0FCMN16rmsprop_lr0.0001_prep_mobilenet_ep150,0.1,0764.jpg,
118,0FCMN16rmsprop_lr0.0001_prep_mobilenet_ep150,0.1,0078.jpg,0.037591256140844284
119,0FCMN16rmsprop_lr0.0001_prep_mobilenet_ep150,0.1,0619.jpg,0.5095055428776667
120,0FCMN16rmsprop_lr0.0001_prep_mobilenet_ep150,0.1,0182.jpg,0.10114588565999015
121,0FCMN16rmsprop_lr0.0001_prep_mobilenet_ep150,0.1,0282.jpg,11.332174194088394
122,0FCMN16rmsprop_lr0.0001_prep_mobilenet_ep150,0.1,0493.jpg,0.010645207856196132
123,0FCMN16rmsprop_lr0.0001_prep_mobilenet_ep150,0.1,0747.jpg,0.20942667817806554
124,0FCMN16rmsprop_lr0.0001_prep_mobilenet_ep150,0.1,0120.jpg,0.03856443340625374
125,0FCMN16rmsprop_lr0.0001_prep_mobilenet_ep150,0.1,0523.jpg,0.018926410109255467
126,0FCMN16rmsprop_lr0.0001_prep_mobilenet_ep150,0.1,0430.jpg,0.029619685054501778
127,0FCMN16rmsprop_lr0.0001_prep_mobilenet_ep150,0.1,0070.jpg,0.05352080370593007
128,0FCMN16rmsprop_lr0.0001_prep_mobilenet_ep150,0.1,0689.jpg,
129,0FCMN16rmsprop_lr0.0001_prep_mobilenet_ep150,0.1,0554.jpg,0.4817970537386975
130,0FCMN16rmsprop_lr0.0001_prep_mobilenet_ep150,0.1,0036.jpg,0.10170209267621634
131,0FCMN16rmsprop_lr0.0001_prep_mobilenet_ep150,0.1,0354.jpg,0.017846592216139545
132,0FCMN16rmsprop_lr0.0001_prep_mobilenet_ep150,0.1,0189.jpg,0.17093482725143858
133,0FCMN16rmsprop_lr0.0001_prep_mobilenet_ep150,0.1,0768.jpg,0.01381059640304472
134,0FCMN16rmsprop_lr0.0001_prep_mobilenet_ep150,0.1,0717.jpg,0.05892628002332641
135,0FCMN16rmsprop_lr0.0001_prep_mobilenet_ep150,0.1,0494.jpg,0.020969001802291155
136,0FCMN16rmsprop_lr0.0001_prep_mobilenet_ep150,0.1,0121.jpg,0.03144567332098394
137,0FCMN16rmsprop_lr0.0001_prep_mobilenet_ep150,0.1,0084.jpg,0.05420334345767349
138,0FCMN16rmsprop_lr0.0001_prep_mobilenet_ep150,0.1,0396.jpg,0.026881208008394945
139,0FCMN16rmsprop_lr0.0001_prep_mobilenet_ep150,0.1,0370.jpg,
140,0FCMN16rmsprop_lr0.0001_prep_mobilenet_ep150,0.2,0766.jpg,0.29034636284654
141,0FCMN16rmsprop_lr0.0001_prep_mobilenet_ep150,0.2,0485.jpg,0.07843305359781891
142,0FCMN16rmsprop_lr0.0001_prep_mobilenet_ep150,0.2,0674.jpg,0.18500264276370318
143,0FCMN16rmsprop_lr0.0001_prep_mobilenet_ep150,0.2,0417.jpg,0.041008189518731954
144,0FCMN16rmsprop_lr0.0001_prep_mobilenet_ep150,0.2,0136.jpg,0.07318711697811021
145,0FCMN16rmsprop_lr0.0001_prep_mobilenet_ep150,0.2,0570.jpg,0.5632480487461689
146,0FCMN16rmsprop_lr0.0001_prep_mobilenet_ep150,0.2,0119.jpg,0.0031414656967810608
147,0FCMN16rmsprop_lr0.0001_prep_mobilenet_ep150,0.2,0595.jpg,0.28408472623541414
148,0FCMN16rmsprop_lr0.0001_prep_mobilenet_ep150,0.2,0758.jpg,0.019129424994606327
149,0FCMN16rmsprop_lr0.0001_prep_mobilenet_ep150,0.2,0479.jpg,0.009623478413265118
150,0FCMN16rmsprop_lr0.0001_prep_mobilenet_ep150,0.2,0330.jpg,0.38333628512684975
151,0FCMN16rmsprop_lr0.0001_prep_mobilenet_ep150,0.2,0379.jpg,
152,0FCMN16rmsprop_lr0.0001_prep_mobilenet_ep150,0.2,0443.jpg,
153,0FCMN16rmsprop_lr0.0001_prep_mobilenet_ep150,0.2,0025.jpg,0.019197009792352924
154,0FCMN16rmsprop_lr0.0001_prep_mobilenet_ep150,0.2,0678.jpg,0.021020015509025478
155,0FCMN16rmsprop_lr0.0001_prep_mobilenet_ep150,0.2,0547.jpg,0.023881973695335627
156,0FCMN16rmsprop_lr0.0001_prep_mobilenet_ep150,0.2,0122.jpg,0.028970322381528413
157,0FCMN16rmsprop_lr0.0001_prep_mobilenet_ep150,0.2,0465.jpg,0.24644596318149462
158,0FCMN16rmsprop_lr0.0001_prep_mobilenet_ep150,0.2,0163.jpg,0.05492793270610211
159,0FCMN16rmsprop_lr0.0001_prep_mobilenet_ep150,0.2,0476.jpg,0.01632021501418413
160,0FCMN16rmsprop_lr0.0001_prep_mobilenet_ep150,0.2,0763.jpg,0.038129583920120065
161,0FCMN16rmsprop_lr0.0001_prep_mobilenet_ep150,0.2,0067.jpg,
162,0FCMN16rmsprop_lr0.0001_prep_mobilenet_ep150,0.2,0771.jpg,0.046131915025463294
163,0FCMN16rmsprop_lr0.0001_prep_mobilenet_ep150,0.2,0714.jpg,0.16117450918421322
164,0FCMN16rmsprop_lr0.0001_prep_mobilenet_ep150,0.2,0106.jpg,0.061025029618452555
165,0FCMN16rmsprop_lr0.0001_prep_mobilenet_ep150,0.2,0440.jpg,0.15925271382136263
166,0FCMN16rmsprop_lr0.0001_prep_mobilenet_ep150,0.2,0468.jpg,0.056910931802467785
167,0FCMN16rmsprop_lr0.0001_prep_mobilenet_ep150,0.2,0321.jpg,
168,0FCMN16rmsprop_lr0.0001_prep_mobilenet_ep150,0.2,0688.jpg,0.08100930622354267
169,0FCMN16rmsprop_lr0.0001_prep_mobilenet_ep150,0.2,0049.jpg,0.03688725231113014
170,0FCMN16rmsprop_lr0.0001_prep_mobilenet_ep150,0.2,0010.jpg,0.021738105914629022
171,0FCMN16rmsprop_lr0.0001_prep_mobilenet_ep150,0.2,0061.jpg,
172,0FCMN16rmsprop_lr0.0001_prep_mobilenet_ep150,0.2,0666.jpg,0.5121375629018918
173,0FCMN16rmsprop_lr0.0001_prep_mobilenet_ep150,0.2,0323.jpg,0.16411704759951273
174,0FCMN16rmsprop_lr0.0001_prep_mobilenet_ep150,0.2,0058.jpg,0.1897309951954102
175,0FCMN16rmsprop_lr0.0001_prep_mobilenet_ep150,0.2,0429.jpg,0.00474186406058595
176,0FCMN16rmsprop_lr0.0001_prep_mobilenet_ep150,0.2,0624.jpg,0.3919297187321292
177,0FCMN16rmsprop_lr0.0001_prep_mobilenet_ep150,0.2,0213.jpg,
178,0FCMN16rmsprop_lr0.0001_prep_mobilenet_ep150,0.2,0487.jpg,0.030696437599726446
179,0FCMN16rmsprop_lr0.0001_prep_mobilenet_ep150,0.2,0021.jpg,
180,0FCMN16rmsprop_lr0.0001_prep_mobilenet_ep150,0.2,0644.jpg,0.02426525778893631
181,0FCMN16rmsprop_lr0.0001_prep_mobilenet_ep150,0.2,0647.jpg,0.03282522471873122
182,0FCMN16rmsprop_lr0.0001_prep_mobilenet_ep150,0.2,0150.jpg,0.03667121872048952
183,0FCMN16rmsprop_lr0.0001_prep_mobilenet_ep150,0.2,0621.jpg,0.17684954805515948
184,0FCMN16rmsprop_lr0.0001_prep_mobilenet_ep150,0.2,0594.jpg,0.04688277834920818
185,0FCMN16rmsprop_lr0.0001_prep_mobilenet_ep150,0.2,0175.jpg,0.00723703065499565
186,0FCMN16rmsprop_lr0.0001_prep_mobilenet_ep150,0.2,0110.jpg,0.01136939807766287
187,0FCMN16rmsprop_lr0.0001_prep_mobilenet_ep150,0.2,0491.jpg,0.13420738186626663
188,0FCMN16rmsprop_lr0.0001_prep_mobilenet_ep150,0.2,0669.jpg,0.2697167789150865
189,0FCMN16rmsprop_lr0.0001_prep_mobilenet_ep150,0.2,0381.jpg,0.011903552625698538
190,0FCMN16rmsprop_lr0.0001_prep_mobilenet_ep150,0.2,0577.jpg,0.09934062732185338
191,0FCMN16rmsprop_lr0.0001_prep_mobilenet_ep150,0.2,0584.jpg,0.0112980470868582
192,0FCMN16rmsprop_lr0.0001_prep_mobilenet_ep150,0.2,0062.jpg,
193,0FCMN16rmsprop_lr0.0001_prep_mobilenet_ep150,0.2,0733.jpg,0.017912639816127743
194,0FCMN16rmsprop_lr0.0001_prep_mobilenet_ep150,0.2,0684.jpg,
195,0FCMN16rmsprop_lr0.0001_prep_mobilenet_ep150,0.2,0336.jpg,0.005043312149140987
196,0FCMN16rmsprop_lr0.0001_prep_mobilenet_ep150,0.2,0480.jpg,0.016196462671952766
197,0FCMN16rmsprop_lr0.0001_prep_mobilenet_ep150,0.2,0304.jpg,
198,0FCMN16rmsprop_lr0.0001_prep_mobilenet_ep150,0.2,0378.jpg,0.010264946871103691
199,0FCMN16rmsprop_lr0.0001_prep_mobilenet_ep150,0.2,0059.jpg,7.104364961263602
200,0FCMN16rmsprop_lr0.0001_prep_mobilenet_ep150,0.2,0083.jpg,0.0990216551839481
201,0FCMN16rmsprop_lr0.0001_prep_mobilenet_ep150,0.2,0191.jpg,0.16065408155667218
202,0FCMN16rmsprop_lr0.0001_prep_mobilenet_ep150,0.2,0037.jpg,0.06496797337021562
203,0FCMN16rmsprop_lr0.0001_prep_mobilenet_ep150,0.2,0377.jpg,0.01498277122011603
204,0FCMN16rmsprop_lr0.0001_prep_mobilenet_ep150,0.2,0617.jpg,
205,0FCMN16rmsprop_lr0.0001_prep_mobilenet_ep150,0.2,0527.jpg,0.5000658423495737
206,0FCMN16rmsprop_lr0.0001_prep_mobilenet_ep150,0.2,0071.jpg,0.015772757409619784
207,0FCMN16rmsprop_lr0.0001_prep_mobilenet_ep150,0.2,0043.jpg,
208,0FCMN16rmsprop_lr0.0001_prep_mobilenet_ep150,0.2,0018.jpg,0.10809089372528408
209,0FCMN16rmsprop_lr0.0001_prep_mobilenet_ep150,0.2,0585.jpg,0.05243061505843513
210,0FCMN16rmsprop_lr0.0001_prep_mobilenet_ep150,0.2,0687.jpg,
211,0FCMN16rmsprop_lr0.0001_prep_mobilenet_ep150,0.2,0540.jpg,0.038375195111432496
212,0FCMN16rmsprop_lr0.0001_prep_mobilenet_ep150,0.2,0001.jpg,0.004878767903702328
213,0FCMN16rmsprop_lr0.0001_prep_mobilenet_ep150,0.2,0174.jpg,0.018174264220674197
214,0FCMN16rmsprop_lr0.0001_prep_mobilenet_ep150,0.2,0103.jpg,0.16767731043707568
215,0FCMN16rmsprop_lr0.0001_prep_mobilenet_ep150,0.2,0076.jpg,0.17732976823090607
216,0FCMN16rmsprop_lr0.0001_prep_mobilenet_ep150,0.2,0450.jpg,0.0040361143717238136
217,0FCMN16rmsprop_lr0.0001_prep_mobilenet_ep150,0.2,0729.jpg,0.024531924514300113
218,0FCMN16rmsprop_lr0.0001_prep_mobilenet_ep150,0.2,0068.jpg,0.023050649457163945
219,0FCMN16rmsprop_lr0.0001_prep_mobilenet_ep150,0.2,0183.jpg,0.014152687347251855
220,0FCMN16rmsprop_lr0.0001_prep_mobilenet_ep150,0.2,0550.jpg,
221,0FCMN16rmsprop_lr0.0001_prep_mobilenet_ep150,0.2,0672.jpg,
222,0FCMN16rmsprop_lr0.0001_prep_mobilenet_ep150,0.2,0710.jpg,0.007863565516014833
223,0FCMN16rmsprop_lr0.0001_prep_mobilenet_ep150,0.2,0134.jpg,0.09255656618723666
224,0FCMN16rmsprop_lr0.0001_prep_mobilenet_ep150,0.2,0578.jpg,0.10298045708826632
225,0FCMN16rmsprop_lr0.0001_prep_mobilenet_ep150,0.2,0675.jpg,0.20668543218021954
226,0FCMN16rmsprop_lr0.0001_prep_mobilenet_ep150,0.2,0374.jpg,0.053339341762138864
227,0FCMN16rmsprop_lr0.0001_prep_mobilenet_ep150,0.2,0086.jpg,0.06066271224883177
228,0FCMN16rmsprop_lr0.0001_prep_mobilenet_ep150,0.2,0749.jpg,0.03275184107003696
229,0FCMN16rmsprop_lr0.0001_prep_mobilenet_ep150,0.2,0258.jpg,
230,0FCMN16rmsprop_lr0.0001_prep_mobilenet_ep150,0.2,0087.jpg,0.17210039748717357
231,0FCMN16rmsprop_lr0.0001_prep_mobilenet_ep150,0.2,0431.jpg,0.014321382927084889
232,0FCMN16rmsprop_lr0.0001_prep_mobilenet_ep150,0.2,0015.jpg,0.29816213081373133
233,0FCMN16rmsprop_lr0.0001_prep_mobilenet_ep150,0.2,0460.jpg,0.5611313351031503
234,0FCMN16rmsprop_lr0.0001_prep_mobilenet_ep150,0.2,0626.jpg,18.441119695859154
235,0FCMN16rmsprop_lr0.0001_prep_mobilenet_ep150,0.2,0535.jpg,0.1644206584917315
236,0FCMN16rmsprop_lr0.0001_prep_mobilenet_ep150,0.2,0187.jpg,0.10221721812947684
237,0FCMN16rmsprop_lr0.0001_prep_mobilenet_ep150,0.2,0094.jpg,0.011358350713434547
238,0FCMN16rmsprop_lr0.0001_prep_mobilenet_ep150,0.2,0141.jpg,0.012259091630101667
239,0FCMN16rmsprop_lr0.0001_prep_mobilenet_ep150,0.2,0372.jpg,0.17186536047755255
240,0FCMN16rmsprop_lr0.0001_prep_mobilenet_ep150,0.2,0605.jpg,0.29604399601055237
241,0FCMN16rmsprop_lr0.0001_prep_mobilenet_ep150,0.2,0620.jpg,
242,0FCMN16rmsprop_lr0.0001_prep_mobilenet_ep150,0.2,0052.jpg,0.028146518405120172
243,0FCMN16rmsprop_lr0.0001_prep_mobilenet_ep150,0.2,0609.jpg,0.017875095433175534
244,0FCMN16rmsprop_lr0.0001_prep_mobilenet_ep150,0.2,0063.jpg,
245,0FCMN16rmsprop_lr0.0001_prep_mobilenet_ep150,0.2,0281.jpg,0.054244606937012996
246,0FCMN16rmsprop_lr0.0001_prep_mobilenet_ep150,0.2,0517.jpg,0.12240165983385541
247,0FCMN16rmsprop_lr0.0001_prep_mobilenet_ep150,0.2,0648.jpg,0.012638084075553157
248,0FCMN16rmsprop_lr0.0001_prep_mobilenet_ep150,0.2,0113.jpg,0.011231469671374042
249,0FCMN16rmsprop_lr0.0001_prep_mobilenet_ep150,0.2,0398.jpg,0.03129391062645837
250,0FCMN16rmsprop_lr0.0001_prep_mobilenet_ep150,0.2,0559.jpg,0.41526298206679296
251,0FCMN16rmsprop_lr0.0001_prep_mobilenet_ep150,0.2,0456.jpg,0.15210286261862196
252,0FCMN16rmsprop_lr0.0001_prep_mobilenet_ep150,0.2,0735.jpg,0.13039839027623698
253,0FCMN16rmsprop_lr0.0001_prep_mobilenet_ep150,0.2,0441.jpg,0.03247016946508373
254,0FCMN16rmsprop_lr0.0001_prep_mobilenet_ep150,0.2,0463.jpg,0.04566736820974322
255,0FCMN16rmsprop_lr0.0001_prep_mobilenet_ep150,0.2,0453.jpg,0.011920937659144008
256,0FCMN16rmsprop_lr0.0001_prep_mobilenet_ep150,0.2,0599.jpg,0.10482392889270632
257,0FCMN16rmsprop_lr0.0001_prep_mobilenet_ep150,0.2,0764.jpg,
258,0FCMN16rmsprop_lr0.0001_prep_mobilenet_ep150,0.2,0078.jpg,0.038284851601300324
259,0FCMN16rmsprop_lr0.0001_prep_mobilenet_ep150,0.2,0619.jpg,0.511361689619147
260,0FCMN16rmsprop_lr0.0001_prep_mobilenet_ep150,0.2,0182.jpg,0.11409346355835913
261,0FCMN16rmsprop_lr0.0001_prep_mobilenet_ep150,0.2,0282.jpg,
262,0FCMN16rmsprop_lr0.0001_prep_mobilenet_ep150,0.2,0493.jpg,0.010670555356481159
263,0FCMN16rmsprop_lr0.0001_prep_mobilenet_ep150,0.2,0747.jpg,0.22315856112747823
264,0FCMN16rmsprop_lr0.0001_prep_mobilenet_ep150,0.2,0120.jpg,0.03826507382107112
265,0FCMN16rmsprop_lr0.0001_prep_mobilenet_ep150,0.2,0523.jpg,0.01930691993674493
266,0FCMN16rmsprop_lr0.0001_prep_mobilenet_ep150,0.2,0430.jpg,0.029509751922316516
267,0FCMN16rmsprop_lr0.0001_prep_mobilenet_ep150,0.2,0070.jpg,0.062327265705155115
268,0FCMN16rmsprop_lr0.0001_prep_mobilenet_ep150,0.2,0689.jpg,
269,0FCMN16rmsprop_lr0.0001_prep_mobilenet_ep150,0.2,0554.jpg,0.4939414822720441
270,0FCMN16rmsprop_lr0.0001_prep_mobilenet_ep150,0.2,0036.jpg,0.10144258041236068
271,0FCMN16rmsprop_lr0.0001_prep_mobilenet_ep150,0.2,0354.jpg,0.017639241653387344
272,0FCMN16rmsprop_lr0.0001_prep_mobilenet_ep150,0.2,0189.jpg,0.20778067364715938
273,0FCMN16rmsprop_lr0.0001_prep_mobilenet_ep150,0.2,0768.jpg,0.014071357558860437
274,0FCMN16rmsprop_lr0.0001_prep_mobilenet_ep150,0.2,0717.jpg,0.05920530582357871
275,0FCMN16rmsprop_lr0.0001_prep_mobilenet_ep150,0.2,0494.jpg,0.021506676559169352
276,0FCMN16rmsprop_lr0.0001_prep_mobilenet_ep150,0.2,0121.jpg,0.01625953706118784
277,0FCMN16rmsprop_lr0.0001_prep_mobilenet_ep150,0.2,0084.jpg,0.05376543128740532
278,0FCMN16rmsprop_lr0.0001_prep_mobilenet_ep150,0.2,0396.jpg,0.02740468452973836
279,0FCMN16rmsprop_lr0.0001_prep_mobilenet_ep150,0.2,0370.jpg,
280,0FCMN16rmsprop_lr0.0001_prep_mobilenet_ep150,0.3,0766.jpg,0.29145841917338705
281,0FCMN16rmsprop_lr0.0001_prep_mobilenet_ep150,0.3,0485.jpg,0.07878143513615413
282,0FCMN16rmsprop_lr0.0001_prep_mobilenet_ep150,0.3,0674.jpg,0.1789268255673579
283,0FCMN16rmsprop_lr0.0001_prep_mobilenet_ep150,0.3,0417.jpg,0.040971671530264354
284,0FCMN16rmsprop_lr0.0001_prep_mobilenet_ep150,0.3,0136.jpg,0.07154235459887767
285,0FCMN16rmsprop_lr0.0001_prep_mobilenet_ep150,0.3,0570.jpg,0.5613217684339105
286,0FCMN16rmsprop_lr0.0001_prep_mobilenet_ep150,0.3,0119.jpg,0.003420452822471687
287,0FCMN16rmsprop_lr0.0001_prep_mobilenet_ep150,0.3,0595.jpg,0.2862732758441441
288,0FCMN16rmsprop_lr0.0001_prep_mobilenet_ep150,0.3,0758.jpg,0.019729069561428014
289,0FCMN16rmsprop_lr0.0001_prep_mobilenet_ep150,0.3,0479.jpg,0.009587392946425867
290,0FCMN16rmsprop_lr0.0001_prep_mobilenet_ep150,0.3,0330.jpg,0.38675168151951894
291,0FCMN16rmsprop_lr0.0001_prep_mobilenet_ep150,0.3,0379.jpg,
292,0FCMN16rmsprop_lr0.0001_prep_mobilenet_ep150,0.3,0443.jpg,
293,0FCMN16rmsprop_lr0.0001_prep_mobilenet_ep150,0.3,0025.jpg,0.017446143526943847
294,0FCMN16rmsprop_lr0.0001_prep_mobilenet_ep150,0.3,0678.jpg,0.022029634404775875
295,0FCMN16rmsprop_lr0.0001_prep_mobilenet_ep150,0.3,0547.jpg,0.023856784635304423
296,0FCMN16rmsprop_lr0.0001_prep_mobilenet_ep150,0.3,0122.jpg,0.028165779249367664
297,0FCMN16rmsprop_lr0.0001_prep_mobilenet_ep150,0.3,0465.jpg,0.24700385268474473
298,0FCMN16rmsprop_lr0.0001_prep_mobilenet_ep150,0.3,0163.jpg,0.05862066074973506
299,0FCMN16rmsprop_lr0.0001_prep_mobilenet_ep150,0.3,0476.jpg,0.01629324267475293
300,0FCMN16rmsprop_lr0.0001_prep_mobilenet_ep150,0.3,0763.jpg,0.03914725660796488
301,0FCMN16rmsprop_lr0.0001_prep_mobilenet_ep150,0.3,0067.jpg,
302,0FCMN16rmsprop_lr0.0001_prep_mobilenet_ep150,0.3,0771.jpg,0.046952417392294735
303,0FCMN16rmsprop_lr0.0001_prep_mobilenet_ep150,0.3,0714.jpg,0.16464724361549382
304,0FCMN16rmsprop_lr0.0001_prep_mobilenet_ep150,0.3,0106.jpg,0.06154236001833578
305,0FCMN16rmsprop_lr0.0001_prep_mobilenet_ep150,0.3,0440.jpg,0.16011281290834603
306,0FCMN16rmsprop_lr0.0001_prep_mobilenet_ep150,0.3,0468.jpg,0.056956010614199304
307,0FCMN16rmsprop_lr0.0001_prep_mobilenet_ep150,0.3,0321.jpg,
308,0FCMN16rmsprop_lr0.0001_prep_mobilenet_ep150,0.3,0688.jpg,0.07978343942355869
309,0FCMN16rmsprop_lr0.0001_prep_mobilenet_ep150,0.3,0049.jpg,0.0365060693019624
310,0FCMN16rmsprop_lr0.0001_prep_mobilenet_ep150,0.3,0010.jpg,0.021572518802268712
311,0FCMN16rmsprop_lr0.0001_prep_mobilenet_ep150,0.3,0061.jpg,
312,0FCMN16rmsprop_lr0.0001_prep_mobilenet_ep150,0.3,0666.jpg,0.516895833383214
313,0FCMN16rmsprop_lr0.0001_prep_mobilenet_ep150,0.3,0323.jpg,0.17034721805138595
314,0FCMN16rmsprop_lr0.0001_prep_mobilenet_ep150,0.3,0058.jpg,0.19100967149451903
315,0FCMN16rmsprop_lr0.0001_prep_mobilenet_ep150,0.3,0429.jpg,0.004585410566130604
316,0FCMN16rmsprop_lr0.0001_prep_mobilenet_ep150,0.3,0624.jpg,0.38378579756917836
317,0FCMN16rmsprop_lr0.0001_prep_mobilenet_ep150,0.3,0213.jpg,
318,0FCMN16rmsprop_lr0.0001_prep_mobilenet_ep150,0.3,0487.jpg,0.031167713738390702
319,0FCMN16rmsprop_lr0.0001_prep_mobilenet_ep150,0.3,0021.jpg,
320,0FCMN16rmsprop_lr0.0001_prep_mobilenet_ep150,0.3,0644.jpg,0.024396689991912725
321,0FCMN16rmsprop_lr0.0001_prep_mobilenet_ep150,0.3,0647.jpg,0.03145085625905789
322,0FCMN16rmsprop_lr0.0001_prep_mobilenet_ep150,0.3,0150.jpg,0.036777404484558525
323,0FCMN16rmsprop_lr0.0001_prep_mobilenet_ep150,0.3,0621.jpg,0.17373454139907754
324,0FCMN16rmsprop_lr0.0001_prep_mobilenet_ep150,0.3,0594.jpg,0.04670647399696916
325,0FCMN16rmsprop_lr0.0001_prep_mobilenet_ep150,0.3,0175.jpg,0.007183598394534793
326,0FCMN16rmsprop_lr0.0001_prep_mobilenet_ep150,0.3,0110.jpg,0.011476614570100824
327,0FCMN16rmsprop_lr0.0001_prep_mobilenet_ep150,0.3,0491.jpg,0.13365390274277264
328,0FCMN16rmsprop_lr0.0001_prep_mobilenet_ep150,0.3,0669.jpg,0.27635282377204096
329,0FCMN16rmsprop_lr0.0001_prep_mobilenet_ep150,0.3,0381.jpg,0.011199060590517725
330,0FCMN16rmsprop_lr0.0001_prep_mobilenet_ep150,0.3,0577.jpg,0.10190840876954954
331,0FCMN16rmsprop_lr0.0001_prep_mobilenet_ep150,0.3,0584.jpg,0.011614846230791967
332,0FCMN16rmsprop_lr0.0001_prep_mobilenet_ep150,0.3,0062.jpg,
333,0FCMN16rmsprop_lr0.0001_prep_mobilenet_ep150,0.3,0733.jpg,0.017811102267973125
334,0FCMN16rmsprop_lr0.0001_prep_mobilenet_ep150,0.3,0684.jpg,
335,0FCMN16rmsprop_lr0.0001_prep_mobilenet_ep150,0.3,0336.jpg,0.0053445338801478065
336,0FCMN16rmsprop_lr0.0001_prep_mobilenet_ep150,0.3,0480.jpg,0.01618254941794009
337,0FCMN16rmsprop_lr0.0001_prep_mobilenet_ep150,0.3,0304.jpg,
338,0FCMN16rmsprop_lr0.0001_prep_mobilenet_ep150,0.3,0378.jpg,0.010337866565902689
339,0FCMN16rmsprop_lr0.0001_prep_mobilenet_ep150,0.3,0059.jpg,7.112345606636495
340,0FCMN16rmsprop_lr0.0001_prep_mobilenet_ep150,0.3,0083.jpg,0.10034544551189818
341,0FCMN16rmsprop_lr0.0001_prep_mobilenet_ep150,0.3,0191.jpg,0.1604920116163919
342,0FCMN16rmsprop_lr0.0001_prep_mobilenet_ep150,0.3,0037.jpg,0.06529727856734217
343,0FCMN16rmsprop_lr0.0001_prep_mobilenet_ep150,0.3,0377.jpg,0.015223374613108036
344,0FCMN16rmsprop_lr0.0001_prep_mobilenet_ep150,0.3,0617.jpg,
345,0FCMN16rmsprop_lr0.0001_prep_mobilenet_ep150,0.3,0527.jpg,
346,0FCMN16rmsprop_lr0.0001_prep_mobilenet_ep150,0.3,0071.jpg,0.021056654619455297
347,0FCMN16rmsprop_lr0.0001_prep_mobilenet_ep150,0.3,0043.jpg,
348,0FCMN16rmsprop_lr0.0001_prep_mobilenet_ep150,0.3,0018.jpg,0.06850998126302936
349,0FCMN16rmsprop_lr0.0001_prep_mobilenet_ep150,0.3,0585.jpg,0.052829260894111434
350,0FCMN16rmsprop_lr0.0001_prep_mobilenet_ep150,0.3,0687.jpg,
351,0FCMN16rmsprop_lr0.0001_prep_mobilenet_ep150,0.3,0540.jpg,0.03865793037705014
352,0FCMN16rmsprop_lr0.0001_prep_mobilenet_ep150,0.3,0001.jpg,0.005283162391877451
353,0FCMN16rmsprop_lr0.0001_prep_mobilenet_ep150,0.3,0174.jpg,0.018415684697972903
354,0FCMN16rmsprop_lr0.0001_prep_mobilenet_ep150,0.3,0103.jpg,0.1676082319079873
355,0FCMN16rmsprop_lr0.0001_prep_mobilenet_ep150,0.3,0076.jpg,0.17864481441516092
356,0FCMN16rmsprop_lr0.0001_prep_mobilenet_ep150,0.3,0450.jpg,0.004225920933821017
357,0FCMN16rmsprop_lr0.0001_prep_mobilenet_ep150,0.3,0729.jpg,0.02440659360419021
358,0FCMN16rmsprop_lr0.0001_prep_mobilenet_ep150,0.3,0068.jpg,0.022959432510902458
359,0FCMN16rmsprop_lr0.0001_prep_mobilenet_ep150,0.3,0183.jpg,0.013874782000257484
360,0FCMN16rmsprop_lr0.0001_prep_mobilenet_ep150,0.3,0550.jpg,
361,0FCMN16rmsprop_lr0.0001_prep_mobilenet_ep150,0.3,0672.jpg,
362,0FCMN16rmsprop_lr0.0001_prep_mobilenet_ep150,0.3,0710.jpg,0.00782391133044908
363,0FCMN16rmsprop_lr0.0001_prep_mobilenet_ep150,0.3,0134.jpg,0.0935473748375697
364,0FCMN16rmsprop_lr0.0001_prep_mobilenet_ep150,0.3,0578.jpg,0.1040489902934174
365,0FCMN16rmsprop_lr0.0001_prep_mobilenet_ep150,0.3,0675.jpg,0.2077811435770518
366,0FCMN16rmsprop_lr0.0001_prep_mobilenet_ep150,0.3,0374.jpg,0.05429253477309929
367,0FCMN16rmsprop_lr0.0001_prep_mobilenet_ep150,0.3,0086.jpg,0.06097526761090738
368,0FCMN16rmsprop_lr0.0001_prep_mobilenet_ep150,0.3,0749.jpg,0.03382880950279053
369,0FCMN16rmsprop_lr0.0001_prep_mobilenet_ep150,0.3,0258.jpg,
370,0FCMN16rmsprop_lr0.0001_prep_mobilenet_ep150,0.3,0087.jpg,
371,0FCMN16rmsprop_lr0.0001_prep_mobilenet_ep150,0.3,0431.jpg,0.01396388329728798
372,0FCMN16rmsprop_lr0.0001_prep_mobilenet_ep150,0.3,0015.jpg,0.3439519783756338
373,0FCMN16rmsprop_lr0.0001_prep_mobilenet_ep150,0.3,0460.jpg,0.5619912595120643
374,0FCMN16rmsprop_lr0.0001_prep_mobilenet_ep150,0.3,0626.jpg,18.452140730364267
375,0FCMN16rmsprop_lr0.0001_prep_mobilenet_ep150,0.3,0535.jpg,0.1671216813920328
376,0FCMN16rmsprop_lr0.0001_prep_mobilenet_ep150,0.3,0187.jpg,0.10122235256171344
377,0FCMN16rmsprop_lr0.0001_prep_mobilenet_ep150,0.3,0094.jpg,0.011782508298385558
378,0FCMN16rmsprop_lr0.0001_prep_mobilenet_ep150,0.3,0141.jpg,0.013281610681528472
379,0FCMN16rmsprop_lr0.0001_prep_mobilenet_ep150,0.3,0372.jpg,0.1725849800154566
380,0FCMN16rmsprop_lr0.0001_prep_mobilenet_ep150,0.3,0605.jpg,0.29652462572653887
381,0FCMN16rmsprop_lr0.0001_prep_mobilenet_ep150,0.3,0620.jpg,
382,0FCMN16rmsprop_lr0.0001_prep_mobilenet_ep150,0.3,0052.jpg,0.02846668047509161
383,0FCMN16rmsprop_lr0.0001_prep_mobilenet_ep150,0.3,0609.jpg,0.02201444312297669
384,0FCMN16rmsprop_lr0.0001_prep_mobilenet_ep150,0.3,0063.jpg,
385,0FCMN16rmsprop_lr0.0001_prep_mobilenet_ep150,0.3,0281.jpg,0.05404132423562863
386,0FCMN16rmsprop_lr0.0001_prep_mobilenet_ep150,0.3,0517.jpg,0.12272856675577518
387,0FCMN16rmsprop_lr0.0001_prep_mobilenet_ep150,0.3,0648.jpg,0.012541283288119267
388,0FCMN16rmsprop_lr0.0001_prep_mobilenet_ep150,0.3,0113.jpg,0.011132147195909542
389,0FCMN16rmsprop_lr0.0001_prep_mobilenet_ep150,0.3,0398.jpg,0.03131125405354676
390,0FCMN16rmsprop_lr0.0001_prep_mobilenet_ep150,0.3,0559.jpg,0.41693083349981186
391,0FCMN16rmsprop_lr0.0001_prep_mobilenet_ep150,0.3,0456.jpg,0.15191383956297888
392,0FCMN16rmsprop_lr0.0001_prep_mobilenet_ep150,0.3,0735.jpg,0.13372528991745056
393,0FCMN16rmsprop_lr0.0001_prep_mobilenet_ep150,0.3,0441.jpg,0.03130205309695527
394,0FCMN16rmsprop_lr0.0001_prep_mobilenet_ep150,0.3,0463.jpg,0.04664175697474493
395,0FCMN16rmsprop_lr0.0001_prep_mobilenet_ep150,0.3,0453.jpg,0.012055247558255409
396,0FCMN16rmsprop_lr0.0001_prep_mobilenet_ep150,0.3,0599.jpg,0.10646465805321692
397,0FCMN16rmsprop_lr0.0001_prep_mobilenet_ep150,0.3,0764.jpg,
398,0FCMN16rmsprop_lr0.0001_prep_mobilenet_ep150,0.3,0078.jpg,0.03922813190311207
399,0FCMN16rmsprop_lr0.0001_prep_mobilenet_ep150,0.3,0619.jpg,0.5130236356443928
400,0FCMN16rmsprop_lr0.0001_prep_mobilenet_ep150,0.3,0182.jpg,0.1305028041431077
401,0FCMN16rmsprop_lr0.0001_prep_mobilenet_ep150,0.3,0282.jpg,
402,0FCMN16rmsprop_lr0.0001_prep_mobilenet_ep150,0.3,0493.jpg,0.01081801235383374
403,0FCMN16rmsprop_lr0.0001_prep_mobilenet_ep150,0.3,0747.jpg,0.2343580967039757
404,0FCMN16rmsprop_lr0.0001_prep_mobilenet_ep150,0.3,0120.jpg,0.037780454524037055
405,0FCMN16rmsprop_lr0.0001_prep_mobilenet_ep150,0.3,0523.jpg,0.019811037955293705
406,0FCMN16rmsprop_lr0.0001_prep_mobilenet_ep150,0.3,0430.jpg,0.029484414271910238
407,0FCMN16rmsprop_lr0.0001_prep_mobilenet_ep150,0.3,0070.jpg,0.06524876759841756
408,0FCMN16rmsprop_lr0.0001_prep_mobilenet_ep150,0.3,0689.jpg,
409,0FCMN16rmsprop_lr0.0001_prep_mobilenet_ep150,0.3,0554.jpg,0.4999448461689038
410,0FCMN16rmsprop_lr0.0001_prep_mobilenet_ep150,0.3,0036.jpg,0.10102049876855874
411,0FCMN16rmsprop_lr0.0001_prep_mobilenet_ep150,0.3,0354.jpg,0.017397472534927173
412,0FCMN16rmsprop_lr0.0001_prep_mobilenet_ep150,0.3,0189.jpg,0.25921796829896804
413,0FCMN16rmsprop_lr0.0001_prep_mobilenet_ep150,0.3,0768.jpg,0.01448199849243309
414,0FCMN16rmsprop_lr0.0001_prep_mobilenet_ep150,0.3,0717.jpg,0.05969502113695529
415,0FCMN16rmsprop_lr0.0001_prep_mobilenet_ep150,0.3,0494.jpg,0.021911161724779242
416,0FCMN16rmsprop_lr0.0001_prep_mobilenet_ep150,0.3,0121.jpg,0.009665852579845848
417,0FCMN16rmsprop_lr0.0001_prep_mobilenet_ep150,0.3,0084.jpg,0.05425675395852829
418,0FCMN16rmsprop_lr0.0001_prep_mobilenet_ep150,0.3,0396.jpg,0.027858722744109037
419,0FCMN16rmsprop_lr0.0001_prep_mobilenet_ep150,0.3,0370.jpg,
420,0FCMN16rmsprop_lr0.0001_prep_mobilenet_ep150,0.4,0766.jpg,0.2930149281739227
421,0FCMN16rmsprop_lr0.0001_prep_mobilenet_ep150,0.4,0485.jpg,0.07905031312249404
422,0FCMN16rmsprop_lr0.0001_prep_mobilenet_ep150,0.4,0674.jpg,0.17177920924161513
423,0FCMN16rmsprop_lr0.0001_prep_mobilenet_ep150,0.4,0417.jpg,0.041141633437094996
424,0FCMN16rmsprop_lr0.0001_prep_mobilenet_ep150,0.4,0136.jpg,0.07029150387965595
425,0FCMN16rmsprop_lr0.0001_prep_mobilenet_ep150,0.4,0570.jpg,0.5590433834421675
426,0FCMN16rmsprop_lr0.0001_prep_mobilenet_ep150,0.4,0119.jpg,0.0035015021423559435
427,0FCMN16rmsprop_lr0.0001_prep_mobilenet_ep150,0.4,0595.jpg,0.28837675847835176
428,0FCMN16rmsprop_lr0.0001_prep_mobilenet_ep150,0.4,0758.jpg,0.020574332165327534
429,0FCMN16rmsprop_lr0.0001_prep_mobilenet_ep150,0.4,0479.jpg,0.009462163344533439
430,0FCMN16rmsprop_lr0.0001_prep_mobilenet_ep150,0.4,0330.jpg,0.3894067053908208
431,0FCMN16rmsprop_lr0.0001_prep_mobilenet_ep150,0.4,0379.jpg,
432,0FCMN16rmsprop_lr0.0001_prep_mobilenet_ep150,0.4,0443.jpg,
433,0FCMN16rmsprop_lr0.0001_prep_mobilenet_ep150,0.4,0025.jpg,0.018220806850224806
434,0FCMN16rmsprop_lr0.0001_prep_mobilenet_ep150,0.4,0678.jpg,0.023058804035347106
435,0FCMN16rmsprop_lr0.0001_prep_mobilenet_ep150,0.4,0547.jpg,0.023799860404685312
436,0FCMN16rmsprop_lr0.0001_prep_mobilenet_ep150,0.4,0122.jpg,0.027013689717109376
437,0FCMN16rmsprop_lr0.0001_prep_mobilenet_ep150,0.4,0465.jpg,0.247641762125225
438,0FCMN16rmsprop_lr0.0001_prep_mobilenet_ep150,0.4,0163.jpg,0.06293315527724803
439,0FCMN16rmsprop_lr0.0001_prep_mobilenet_ep150,0.4,0476.jpg,0.016550932515308488
440,0FCMN16rmsprop_lr0.0001_prep_mobilenet_ep150,0.4,0763.jpg,0.04040153024062699
441,0FCMN16rmsprop_lr0.0001_prep_mobilenet_ep150,0.4,0067.jpg,
442,0FCMN16rmsprop_lr0.0001_prep_mobilenet_ep150,0.4,0771.jpg,0.04801572749187081
443,0FCMN16rmsprop_lr0.0001_prep_mobilenet_ep150,0.4,0714.jpg,0.16775875630461942
444,0FCMN16rmsprop_lr0.0001_prep_mobilenet_ep150,0.4,0106.jpg,0.061999472876125825
445,0FCMN16rmsprop_lr0.0001_prep_mobilenet_ep150,0.4,0440.jpg,0.15993910193391483
446,0FCMN16rmsprop_lr0.0001_prep_mobilenet_ep150,0.4,0468.jpg,0.05702378399532477
447,0FCMN16rmsprop_lr0.0001_prep_mobilenet_ep150,0.4,0321.jpg,
448,0FCMN16rmsprop_lr0.0001_prep_mobilenet_ep150,0.4,0688.jpg,0.07867252155914617
449,0FCMN16rmsprop_lr0.0001_prep_mobilenet_ep150,0.4,0049.jpg,0.03645391179407346
450,0FCMN16rmsprop_lr0.0001_prep_mobilenet_ep150,0.4,0010.jpg,0.021479071696512413
451,0FCMN16rmsprop_lr0.0001_prep_mobilenet_ep150,0.4,0061.jpg,
452,0FCMN16rmsprop_lr0.0001_prep_mobilenet_ep150,0.4,0666.jpg,0.5225959661041871
453,0FCMN16rmsprop_lr0.0001_prep_mobilenet_ep150,0.4,0323.jpg,0.17701207951693565
454,0FCMN16rmsprop_lr0.0001_prep_mobilenet_ep150,0.4,0058.jpg,0.1924657497063664
455,0FCMN16rmsprop_lr0.0001_prep_mobilenet_ep150,0.4,0429.jpg,0.004869717449586662
456,0FCMN16rmsprop_lr0.0001_prep_mobilenet_ep150,0.4,0624.jpg,0.374704087944026
457,0FCMN16rmsprop_lr0.0001_prep_mobilenet_ep150,0.4,0213.jpg,
458,0FCMN16rmsprop_lr0.0001_prep_mobilenet_ep150,0.4,0487.jpg,0.03210293102291134
459,0FCMN16rmsprop_lr0.0001_prep_mobilenet_ep150,0.4,0021.jpg,
460,0FCMN16rmsprop_lr0.0001_prep_mobilenet_ep150,0.4,0644.jpg,0.02470179836981551
461,0FCMN16rmsprop_lr0.0001_prep_mobilenet_ep150,0.4,0647.jpg,0.029607453896345705
462,0FCMN16rmsprop_lr0.0001_prep_mobilenet_ep150,0.4,0150.jpg,0.03672770341877625
463,0FCMN16rmsprop_lr0.0001_prep_mobilenet_ep150,0.4,0621.jpg,0.1702473998727884
464,0FCMN16rmsprop_lr0.0001_prep_mobilenet_ep150,0.4,0594.jpg,0.046623461113596595
465,0FCMN16rmsprop_lr0.0001_prep_mobilenet_ep150,0.4,0175.jpg,0.007804831802913557
466,0FCMN16rmsprop_lr0.0001_prep_mobilenet_ep150,0.4,0110.jpg,0.011377025003147535
467,0FCMN16rmsprop_lr0.0001_prep_mobilenet_ep150,0.4,0491.jpg,0.13272974899310624
468,0FCMN16rmsprop_lr0.0001_prep_mobilenet_ep150,0.4,0669.jpg,0.2827616131060484
469,0FCMN16rmsprop_lr0.0001_prep_mobilenet_ep150,0.4,0381.jpg,0.010239018436898636
470,0FCMN16rmsprop_lr0.0001_prep_mobilenet_ep150,0.4,0577.jpg,0.10474914495650908
471,0FCMN16rmsprop_lr0.0001_prep_mobilenet_ep150,0.4,0584.jpg,0.012090260736683825
472,0FCMN16rmsprop_lr0.0001_prep_mobilenet_ep150,0.4,0062.jpg,
473,0FCMN16rmsprop_lr0.0001_prep_mobilenet_ep150,0.4,0733.jpg,0.017719031155924523
474,0FCMN16rmsprop_lr0.0001_prep_mobilenet_ep150,0.4,0684.jpg,
475,0FCMN16rmsprop_lr0.0001_prep_mobilenet_ep150,0.4,0336.jpg,0.005719495904900703
476,0FCMN16rmsprop_lr0.0001_prep_mobilenet_ep150,0.4,0480.jpg,0.016407239963591353
477,0FCMN16rmsprop_lr0.0001_prep_mobilenet_ep150,0.4,0304.jpg,
478,0FCMN16rmsprop_lr0.0001_prep_mobilenet_ep150,0.4,0378.jpg,0.010304850136565069
479,0FCMN16rmsprop_lr0.0001_prep_mobilenet_ep150,0.4,0059.jpg,
480,0FCMN16rmsprop_lr0.0001_prep_mobilenet_ep150,0.4,0083.jpg,0.10131003081163799
481,0FCMN16rmsprop_lr0.0001_prep_mobilenet_ep150,0.4,0191.jpg,0.16093136082842863
482,0FCMN16rmsprop_lr0.0001_prep_mobilenet_ep150,0.4,0037.jpg,0.06505698034848567
483,0FCMN16rmsprop_lr0.0001_prep_mobilenet_ep150,0.4,0377.jpg,0.015219848347777915
484,0FCMN16rmsprop_lr0.0001_prep_mobilenet_ep150,0.4,0617.jpg,
485,0FCMN16rmsprop_lr0.0001_prep_mobilenet_ep150,0.4,0527.jpg,
486,0FCMN16rmsprop_lr0.0001_prep_mobilenet_ep150,0.4,0071.jpg,0.04068482042681507
487,0FCMN16rmsprop_lr0.0001_prep_mobilenet_ep150,0.4,0043.jpg,
488,0FCMN16rmsprop_lr0.0001_prep_mobilenet_ep150,0.4,0018.jpg,0.05175081214406066
489,0FCMN16rmsprop_lr0.0001_prep_mobilenet_ep150,0.4,0585.jpg,0.053354562392179936
490,0FCMN16rmsprop_lr0.0001_prep_mobilenet_ep150,0.4,0687.jpg,
491,0FCMN16rmsprop_lr0.0001_prep_mobilenet_ep150,0.4,0540.jpg,0.038927624734771134
492,0FCMN16rmsprop_lr0.0001_prep_mobilenet_ep150,0.4,0001.jpg,0.005391821495444159
493,0FCMN16rmsprop_lr0.0001_prep_mobilenet_ep150,0.4,0174.jpg,0.0182062990487983
494,0FCMN16rmsprop_lr0.0001_prep_mobilenet_ep150,0.4,0103.jpg,0.16592844316028174
495,0FCMN16rmsprop_lr0.0001_prep_mobilenet_ep150,0.4,0076.jpg,0.17868445082279752
496,0FCMN16rmsprop_lr0.0001_prep_mobilenet_ep150,0.4,0450.jpg,0.004486023636612851
497,0FCMN16rmsprop_lr0.0001_prep_mobilenet_ep150,0.4,0729.jpg,0.024390357658997625
498,0FCMN16rmsprop_lr0.0001_prep_mobilenet_ep150,0.4,0068.jpg,0.022583263403623363
499,0FCMN16rmsprop_lr0.0001_prep_mobilenet_ep150,0.4,0183.jpg,0.012605760573306216
500,0FCMN16rmsprop_lr0.0001_prep_mobilenet_ep150,0.4,0550.jpg,
501,0FCMN16rmsprop_lr0.0001_prep_mobilenet_ep150,0.4,0672.jpg,
502,0FCMN16rmsprop_lr0.0001_prep_mobilenet_ep150,0.4,0710.jpg,0.007768836056955988
503,0FCMN16rmsprop_lr0.0001_prep_mobilenet_ep150,0.4,0134.jpg,0.09487081405646734
504,0FCMN16rmsprop_lr0.0001_prep_mobilenet_ep150,0.4,0578.jpg,0.10639804680540468
505,0FCMN16rmsprop_lr0.0001_prep_mobilenet_ep150,0.4,0675.jpg,0.2094698534020106
506,0FCMN16rmsprop_lr0.0001_prep_mobilenet_ep150,0.4,0374.jpg,0.05551205352720042
507,0FCMN16rmsprop_lr0.0001_prep_mobilenet_ep150,0.4,0086.jpg,0.06067577943066844
508,0FCMN16rmsprop_lr0.0001_prep_mobilenet_ep150,0.4,0749.jpg,0.03442287265380589
509,0FCMN16rmsprop_lr0.0001_prep_mobilenet_ep150,0.4,0258.jpg,
510,0FCMN16rmsprop_lr0.0001_prep_mobilenet_ep150,0.4,0087.jpg,
511,0FCMN16rmsprop_lr0.0001_prep_mobilenet_ep150,0.4,0431.jpg,0.013813822916326945
512,0FCMN16rmsprop_lr0.0001_prep_mobilenet_ep150,0.4,0015.jpg,0.36054737645161333
513,0FCMN16rmsprop_lr0.0001_prep_mobilenet_ep150,0.4,0460.jpg,0.5631541297484923
514,0FCMN16rmsprop_lr0.0001_prep_mobilenet_ep150,0.4,0626.jpg,18.451403520577536
515,0FCMN16rmsprop_lr0.0001_prep_mobilenet_ep150,0.4,0535.jpg,0.16974086337453675
516,0FCMN16rmsprop_lr0.0001_prep_mobilenet_ep150,0.4,0187.jpg,0.09995287721188344
517,0FCMN16rmsprop_lr0.0001_prep_mobilenet_ep150,0.4,0094.jpg,0.011167361290001404
518,0FCMN16rmsprop_lr0.0001_prep_mobilenet_ep150,0.4,0141.jpg,0.01450819625211224
519,0FCMN16rmsprop_lr0.0001_prep_mobilenet_ep150,0.4,0372.jpg,0.17328637687198709
520,0FCMN16rmsprop_lr0.0001_prep_mobilenet_ep150,0.4,0605.jpg,0.29741379273940394
521,0FCMN16rmsprop_lr0.0001_prep_mobilenet_ep150,0.4,0620.jpg,
522,0FCMN16rmsprop_lr0.0001_prep_mobilenet_ep150,0.4,0052.jpg,0.028853715626962678
523,0FCMN16rmsprop_lr0.0001_prep_mobilenet_ep150,0.4,0609.jpg,0.025502349814052822
524,0FCMN16rmsprop_lr0.0001_prep_mobilenet_ep150,0.4,0063.jpg,
525,0FCMN16rmsprop_lr0.0001_prep_mobilenet_ep150,0.4,0281.jpg,0.05434056133544343
526,0FCMN16rmsprop_lr0.0001_prep_mobilenet_ep150,0.4,0517.jpg,0.12332152137561829
527,0FCMN16rmsprop_lr0.0001_prep_mobilenet_ep150,0.4,0648.jpg,0.012784457936438181
528,0FCMN16rmsprop_lr0.0001_prep_mobilenet_ep150,0.4,0113.jpg,0.011080450500170081
529,0FCMN16rmsprop_lr0.0001_prep_mobilenet_ep150,0.4,0398.jpg,0.031484559061545514
530,0FCMN16rmsprop_lr0.0001_prep_mobilenet_ep150,0.4,0559.jpg,0.4184083399144891
531,0FCMN16rmsprop_lr0.0001_prep_mobilenet_ep150,0.4,0456.jpg,0.15157815340019123
532,0FCMN16rmsprop_lr0.0001_prep_mobilenet_ep150,0.4,0735.jpg,0.14085024000643007
533,0FCMN16rmsprop_lr0.0001_prep_mobilenet_ep150,0.4,0441.jpg,0.029342393571025676
534,0FCMN16rmsprop_lr0.0001_prep_mobilenet_ep150,0.4,0463.jpg,0.048342406934851014
535,0FCMN16rmsprop_lr0.0001_prep_mobilenet_ep150,0.4,0453.jpg,0.012238816427198597
536,0FCMN16rmsprop_lr0.0001_prep_mobilenet_ep150,0.4,0599.jpg,0.10822972917372105
537,0FCMN16rmsprop_lr0.0001_prep_mobilenet_ep150,0.4,0764.jpg,
538,0FCMN16rmsprop_lr0.0001_prep_mobilenet_ep150,0.4,0078.jpg,0.03961099159979897
539,0FCMN16rmsprop_lr0.0001_prep_mobilenet_ep150,0.4,0619.jpg,0.5146227328648048
540,0FCMN16rmsprop_lr0.0001_prep_mobilenet_ep150,0.4,0182.jpg,0.13971195618835974
541,0FCMN16rmsprop_lr0.0001_prep_mobilenet_ep150,0.4,0282.jpg,
542,0FCMN16rmsprop_lr0.0001_prep_mobilenet_ep150,0.4,0493.jpg,0.01098322706576971
543,0FCMN16rmsprop_lr0.0001_prep_mobilenet_ep150,0.4,0747.jpg,0.2472521689738664
544,0FCMN16rmsprop_lr0.0001_prep_mobilenet_ep150,0.4,0120.jpg,0.037721524239096006
545,0FCMN16rmsprop_lr0.0001_prep_mobilenet_ep150,0.4,0523.jpg,0.020687248701472018
546,0FCMN16rmsprop_lr0.0001_prep_mobilenet_ep150,0.4,0430.jpg,0.029822600648440004
547,0FCMN16rmsprop_lr0.0001_prep_mobilenet_ep150,0.4,0070.jpg,0.06580053185245656
548,0FCMN16rmsprop_lr0.0001_prep_mobilenet_ep150,0.4,0689.jpg,
549,0FCMN16rmsprop_lr0.0001_prep_mobilenet_ep150,0.4,0554.jpg,0.5032716221603811
550,0FCMN16rmsprop_lr0.0001_prep_mobilenet_ep150,0.4,0036.jpg,0.10161956201382445
551,0FCMN16rmsprop_lr0.0001_prep_mobilenet_ep150,0.4,0354.jpg,0.017209424606938296
552,0FCMN16rmsprop_lr0.0001_prep_mobilenet_ep150,0.4,0189.jpg,0.22339834447353962
553,0FCMN16rmsprop_lr0.0001_prep_mobilenet_ep150,0.4,0768.jpg,0.014453979624461662
554,0FCMN16rmsprop_lr0.0001_prep_mobilenet_ep150,0.4,0717.jpg,0.06072210298783824
555,0FCMN16rmsprop_lr0.0001_prep_mobilenet_ep150,0.4,0494.jpg,0.022231221546517497
556,0FCMN16rmsprop_lr0.0001_prep_mobilenet_ep150,0.4,0121.jpg,0.0056438373132376846
557,0FCMN16rmsprop_lr0.0001_prep_mobilenet_ep150,0.4,0084.jpg,0.054472973711993486
558,0FCMN16rmsprop_lr0.0001_prep_mobilenet_ep150,0.4,0396.jpg,0.028324905339477523
559,0FCMN16rmsprop_lr0.0001_prep_mobilenet_ep150,0.4,0370.jpg,
560,0FCMN16rmsprop_lr0.0001_prep_mobilenet_ep150,0.5,0766.jpg,0.2955641194229081
561,0FCMN16rmsprop_lr0.0001_prep_mobilenet_ep150,0.5,0485.jpg,0.0794755587163199
562,0FCMN16rmsprop_lr0.0001_prep_mobilenet_ep150,0.5,0674.jpg,0.1622524826890742
563,0FCMN16rmsprop_lr0.0001_prep_mobilenet_ep150,0.5,0417.jpg,0.04123216308218103
564,0FCMN16rmsprop_lr0.0001_prep_mobilenet_ep150,0.5,0136.jpg,0.06798598415197442
565,0FCMN16rmsprop_lr0.0001_prep_mobilenet_ep150,0.5,0570.jpg,0.5577664904305709
566,0FCMN16rmsprop_lr0.0001_prep_mobilenet_ep150,0.5,0119.jpg,0.004182369538094459
567,0FCMN16rmsprop_lr0.0001_prep_mobilenet_ep150,0.5,0595.jpg,0.29127102003198063
568,0FCMN16rmsprop_lr0.0001_prep_mobilenet_ep150,0.5,0758.jpg,0.022097158076032398
569,0FCMN16rmsprop_lr0.0001_prep_mobilenet_ep150,0.5,0479.jpg,0.009572099556414143
570,0FCMN16rmsprop_lr0.0001_prep_mobilenet_ep150,0.5,0330.jpg,0.3904338940582604
571,0FCMN16rmsprop_lr0.0001_prep_mobilenet_ep150,0.5,0379.jpg,
572,0FCMN16rmsprop_lr0.0001_prep_mobilenet_ep150,0.5,0443.jpg,
573,0FCMN16rmsprop_lr0.0001_prep_mobilenet_ep150,0.5,0025.jpg,0.018733886968654082
574,0FCMN16rmsprop_lr0.0001_prep_mobilenet_ep150,0.5,0678.jpg,0.024456395333253913
575,0FCMN16rmsprop_lr0.0001_prep_mobilenet_ep150,0.5,0547.jpg,0.02370264860659885
576,0FCMN16rmsprop_lr0.0001_prep_mobilenet_ep150,0.5,0122.jpg,0.02611190261165931
577,0FCMN16rmsprop_lr0.0001_prep_mobilenet_ep150,0.5,0465.jpg,0.24823200852568209
578,0FCMN16rmsprop_lr0.0001_prep_mobilenet_ep150,0.5,0163.jpg,0.06751840115998659
579,0FCMN16rmsprop_lr0.0001_prep_mobilenet_ep150,0.5,0476.jpg,0.016496070676150845
580,0FCMN16rmsprop_lr0.0001_prep_mobilenet_ep150,0.5,0763.jpg,0.041741436656922
581,0FCMN16rmsprop_lr0.0001_prep_mobilenet_ep150,0.5,0067.jpg,
582,0FCMN16rmsprop_lr0.0001_prep_mobilenet_ep150,0.5,0771.jpg,0.04925646200896003
583,0FCMN16rmsprop_lr0.0001_prep_mobilenet_ep150,0.5,0714.jpg,0.16821755950473063
584,0FCMN16rmsprop_lr0.0001_prep_mobilenet_ep150,0.5,0106.jpg,0.06316330661996487
585,0FCMN16rmsprop_lr0.0001_prep_mobilenet_ep150,0.5,0440.jpg,0.15985567816141938
586,0FCMN16rmsprop_lr0.0001_prep_mobilenet_ep150,0.5,0468.jpg,0.05728753618147957
587,0FCMN16rmsprop_lr0.0001_prep_mobilenet_ep150,0.5,0321.jpg,
588,0FCMN16rmsprop_lr0.0001_prep_mobilenet_ep150,0.5,0688.jpg,0.07708772985862657
589,0FCMN16rmsprop_lr0.0001_prep_mobilenet_ep150,0.5,0049.jpg,0.035808551524012314
590,0FCMN16rmsprop_lr0.0001_prep_mobilenet_ep150,0.5,0010.jpg,0.020615021909379812
591,0FCMN16rmsprop_lr0.0001_prep_mobilenet_ep150,0.5,0061.jpg,
592,0FCMN16rmsprop_lr0.0001_prep_mobilenet_ep150,0.5,0666.jpg,0.5355592239493447
593,0FCMN16rmsprop_lr0.0001_prep_mobilenet_ep150,0.5,0323.jpg,0.18900428449497084
594,0FCMN16rmsprop_lr0.0001_prep_mobilenet_ep150,0.5,0058.jpg,
595,0FCMN16rmsprop_lr0.0001_prep_mobilenet_ep150,0.5,0429.jpg,0.0050221944704862695
596,0FCMN16rmsprop_lr0.0001_prep_mobilenet_ep150,0.5,0624.jpg,0.3651359421105684
597,0FCMN16rmsprop_lr0.0001_prep_mobilenet_ep150,0.5,0213.jpg,
598,0FCMN16rmsprop_lr0.0001_prep_mobilenet_ep150,0.5,0487.jpg,0.03260614060861788
599,0FCMN16rmsprop_lr0.0001_prep_mobilenet_ep150,0.5,0021.jpg,
600,0FCMN16rmsprop_lr0.0001_prep_mobilenet_ep150,0.5,0644.jpg,0.024668067563721332
601,0FCMN16rmsprop_lr0.0001_prep_mobilenet_ep150,0.5,0647.jpg,0.026790156161655778
602,0FCMN16rmsprop_lr0.0001_prep_mobilenet_ep150,0.5,0150.jpg,0.03630806465933257
603,0FCMN16rmsprop_lr0.0001_prep_mobilenet_ep150,0.5,0621.jpg,0.16621540253378783
604,0FCMN16rmsprop_lr0.0001_prep_mobilenet_ep150,0.5,0594.jpg,0.04655653864634544
605,0FCMN16rmsprop_lr0.0001_prep_mobilenet_ep150,0.5,0175.jpg,0.008148815987512405
606,0FCMN16rmsprop_lr0.0001_prep_mobilenet_ep150,0.5,0110.jpg,0.011658278125653712
607,0FCMN16rmsprop_lr0.0001_prep_mobilenet_ep150,0.5,0491.jpg,0.13153895335810234
608,0FCMN16rmsprop_lr0.0001_prep_mobilenet_ep150,0.5,0669.jpg,0.2899615686086885
609,0FCMN16rmsprop_lr0.0001_prep_mobilenet_ep150,0.5,0381.jpg,0.009019786189117507
610,0FCMN16rmsprop_lr0.0001_prep_mobilenet_ep150,0.5,0577.jpg,0.10836289100393885
611,0FCMN16rmsprop_lr0.0001_prep_mobilenet_ep150,0.5,0584.jpg,0.012495902973200877
612,0FCMN16rmsprop_lr0.0001_prep_mobilenet_ep150,0.5,0062.jpg,
613,0FCMN16rmsprop_lr0.0001_prep_mobilenet_ep150,0.5,0733.jpg,0.017588782986054933
614,0FCMN16rmsprop_lr0.0001_prep_mobilenet_ep150,0.5,0684.jpg,
615,0FCMN16rmsprop_lr0.0001_prep_mobilenet_ep150,0.5,0336.jpg,0.006173709221205052
616,0FCMN16rmsprop_lr0.0001_prep_mobilenet_ep150,0.5,0480.jpg,0.01660299248531676
617,0FCMN16rmsprop_lr0.0001_prep_mobilenet_ep150,0.5,0304.jpg,
618,0FCMN16rmsprop_lr0.0001_prep_mobilenet_ep150,0.5,0378.jpg,0.010091952476549836
619,0FCMN16rmsprop_lr0.0001_prep_mobilenet_ep150,0.5,0059.jpg,
620,0FCMN16rmsprop_lr0.0001_prep_mobilenet_ep150,0.5,0083.jpg,0.10294135143947328
621,0FCMN16rmsprop_lr0.0001_prep_mobilenet_ep150,0.5,0191.jpg,0.16109285181663022
622,0FCMN16rmsprop_lr0.0001_prep_mobilenet_ep150,0.5,0037.jpg,0.06501180479254204
623,0FCMN16rmsprop_lr0.0001_prep_mobilenet_ep150,0.5,0377.jpg,0.015445578441001152
624,0FCMN16rmsprop_lr0.0001_prep_mobilenet_ep150,0.5,0617.jpg,
625,0FCMN16rmsprop_lr0.0001_prep_mobilenet_ep150,0.5,0527.jpg,
626,0FCMN16rmsprop_lr0.0001_prep_mobilenet_ep150,0.5,0071.jpg,0.06450645363041169
627,0FCMN16rmsprop_lr0.0001_prep_mobilenet_ep150,0.5,0043.jpg,
628,0FCMN16rmsprop_lr0.0001_prep_mobilenet_ep150,0.5,0018.jpg,0.046483093536306315
629,0FCMN16rmsprop_lr0.0001_prep_mobilenet_ep150,0.5,0585.jpg,0.053896933339531945
630,0FCMN16rmsprop_lr0.0001_prep_mobilenet_ep150,0.5,0687.jpg,
631,0FCMN16rmsprop_lr0.0001_prep_mobilenet_ep150,0.5,0540.jpg,0.03919409652844385
632,0FCMN16rmsprop_lr0.0001_prep_mobilenet_ep150,0.5,0001.jpg,0.0058004160966431415
633,0FCMN16rmsprop_lr0.0001_prep_mobilenet_ep150,0.5,0174.jpg,0.017419217499451137
634,0FCMN16rmsprop_lr0.0001_prep_mobilenet_ep150,0.5,0103.jpg,0.16339071191155355
635,0FCMN16rmsprop_lr0.0001_prep_mobilenet_ep150,0.5,0076.jpg,0.17980585757737375
636,0FCMN16rmsprop_lr0.0001_prep_mobilenet_ep150,0.5,0450.jpg,0.004674790471408972
637,0FCMN16rmsprop_lr0.0001_prep_mobilenet_ep150,0.5,0729.jpg,0.02423135117686067
638,0FCMN16rmsprop_lr0.0001_prep_mobilenet_ep150,0.5,0068.jpg,0.023145806563226762
639,0FCMN16rmsprop_lr0.0001_prep_mobilenet_ep150,0.5,0183.jpg,0.012149350563015115
640,0FCMN16rmsprop_lr0.0001_prep_mobilenet_ep150,0.5,0550.jpg,
641,0FCMN16rmsprop_lr0.0001_prep_mobilenet_ep150,0.5,0672.jpg,
642,0FCMN16rmsprop_lr0.0001_prep_mobilenet_ep150,0.5,0710.jpg,0.007757403086612789
643,0FCMN16rmsprop_lr0.0001_prep_mobilenet_ep150,0.5,0134.jpg,0.09660814492318913
644,0FCMN16rmsprop_lr0.0001_prep_mobilenet_ep150,0.5,0578.jpg,0.10900063364197461
645,0FCMN16rmsprop_lr0.0001_prep_mobilenet_ep150,0.5,0675.jpg,0.2101699232273477
646,0FCMN16rmsprop_lr0.0001_prep_mobilenet_ep150,0.5,0374.jpg,0.057027069821622756
647,0FCMN16rmsprop_lr0.0001_prep_mobilenet_ep150,0.5,0086.jpg,0.061008401738816526
648,0FCMN16rmsprop_lr0.0001_prep_mobilenet_ep150,0.5,0749.jpg,0.03781400069006333
649,0FCMN16rmsprop_lr0.0001_prep_mobilenet_ep150,0.5,0258.jpg,
650,0FCMN16rmsprop_lr0.0001_prep_mobilenet_ep150,0.5,0087.jpg,
651,0FCMN16rmsprop_lr0.0001_prep_mobilenet_ep150,0.5,0431.jpg,0.013522710847573859
652,0FCMN16rmsprop_lr0.0001_prep_mobilenet_ep150,0.5,0015.jpg,0.3694368896762481
653,0FCMN16rmsprop_lr0.0001_prep_mobilenet_ep150,0.5,0460.jpg,0.5645597576629536
654,0FCMN16rmsprop_lr0.0001_prep_mobilenet_ep150,0.5,0626.jpg,18.465183198615644
655,0FCMN16rmsprop_lr0.0001_prep_mobilenet_ep150,0.5,0535.jpg,0.17298961836585966
656,0FCMN16rmsprop_lr0.0001_prep_mobilenet_ep150,0.5,0187.jpg,0.09875214276066452
657,0FCMN16rmsprop_lr0.0001_prep_mobilenet_ep150,0.5,0094.jpg,0.011503822821435286
658,0FCMN16rmsprop_lr0.0001_prep_mobilenet_ep150,0.5,0141.jpg,0.015510420892853894
659,0FCMN16rmsprop_lr0.0001_prep_mobilenet_ep150,0.5,0372.jpg,0.17391138850382404
660,0FCMN16rmsprop_lr0.0001_prep_mobilenet_ep150,0.5,0605.jpg,0.29833348719441055
661,0FCMN16rmsprop_lr0.0001_prep_mobilenet_ep150,0.5,0620.jpg,
662,0FCMN16rmsprop_lr0.0001_prep_mobilenet_ep150,0.5,0052.jpg,0.02955599687395231
663,0FCMN16rmsprop_lr0.0001_prep_mobilenet_ep150,0.5,0609.jpg,0.029738076351105983
664,0FCMN16rmsprop_lr0.0001_prep_mobilenet_ep150,0.5,0063.jpg,
665,0FCMN16rmsprop_lr0.0001_prep_mobilenet_ep150,0.5,0281.jpg,0.056427336754790176
666,0FCMN16rmsprop_lr0.0001_prep_mobilenet_ep150,0.5,0517.jpg,0.12407631303067182
667,0FCMN16rmsprop_lr0.0001_prep_mobilenet_ep150,0.5,0648.jpg,0.013069116621044045
668,0FCMN16rmsprop_lr0.0001_prep_mobilenet_ep150,0.5,0113.jpg,0.01198239272847812
669,0FCMN16rmsprop_lr0.0001_prep_mobilenet_ep150,0.5,0398.jpg,0.03138154555851111
670,0FCMN16rmsprop_lr0.0001_prep_mobilenet_ep150,0.5,0559.jpg,0.4198130532010645
671,0FCMN16rmsprop_lr0.0001_prep_mobilenet_ep150,0.5,0456.jpg,0.15080167172612804
672,0FCMN16rmsprop_lr0.0001_prep_mobilenet_ep150,0.5,0735.jpg,0.14693121023866332
673,0FCMN16rmsprop_lr0.0001_prep_mobilenet_ep150,0.5,0441.jpg,0.02680349972454999
674,0FCMN16rmsprop_lr0.0001_prep_mobilenet_ep150,0.5,0463.jpg,0.051247508701864966
675,0FCMN16rmsprop_lr0.0001_prep_mobilenet_ep150,0.5,0453.jpg,0.012380852644747519
676,0FCMN16rmsprop_lr0.0001_prep_mobilenet_ep150,0.5,0599.jpg,0.11056068900687595
677,0FCMN16rmsprop_lr0.0001_prep_mobilenet_ep150,0.5,0764.jpg,
678,0FCMN16rmsprop_lr0.0001_prep_mobilenet_ep150,0.5,0078.jpg,0.040512744132871724
679,0FCMN16rmsprop_lr0.0001_prep_mobilenet_ep150,0.5,0619.jpg,0.5164624523129089
680,0FCMN16rmsprop_lr0.0001_prep_mobilenet_ep150,0.5,0182.jpg,0.1897483957396371
681,0FCMN16rmsprop_lr0.0001_prep_mobilenet_ep150,0.5,0282.jpg,
682,0FCMN16rmsprop_lr0.0001_prep_mobilenet_ep150,0.5,0493.jpg,0.010984236154407764
683,0FCMN16rmsprop_lr0.0001_prep_mobilenet_ep150,0.5,0747.jpg,0.25377204711204904
684,0FCMN16rmsprop_lr0.0001_prep_mobilenet_ep150,0.5,0120.jpg,0.03654204413515443
685,0FCMN16rmsprop_lr0.0001_prep_mobilenet_ep150,0.5,0523.jpg,0.02196592749574771
686,0FCMN16rmsprop_lr0.0001_prep_mobilenet_ep150,0.5,0430.jpg,0.029603372314308877
687,0FCMN16rmsprop_lr0.0001_prep_mobilenet_ep150,0.5,0070.jpg,0.06691487950993077
688,0FCMN16rmsprop_lr0.0001_prep_mobilenet_ep150,0.5,0689.jpg,
689,0FCMN16rmsprop_lr0.0001_prep_mobilenet_ep150,0.5,0554.jpg,0.5079367551277126
690,0FCMN16rmsprop_lr0.0001_prep_mobilenet_ep150,0.5,0036.jpg,0.10158284430458751
691,0FCMN16rmsprop_lr0.0001_prep_mobilenet_ep150,0.5,0354.jpg,0.016941388107885143
692,0FCMN16rmsprop_lr0.0001_prep_mobilenet_ep150,0.5,0189.jpg,0.4557990112200367
693,0FCMN16rmsprop_lr0.0001_prep_mobilenet_ep150,0.5,0768.jpg,0.01477522947564615
694,0FCMN16rmsprop_lr0.0001_prep_mobilenet_ep150,0.5,0717.jpg,0.061845206519914334
695,0FCMN16rmsprop_lr0.0001_prep_mobilenet_ep150,0.5,0494.jpg,0.022535483576514314
696,0FCMN16rmsprop_lr0.0001_prep_mobilenet_ep150,0.5,0121.jpg,0.003971878540598626
697,0FCMN16rmsprop_lr0.0001_prep_mobilenet_ep150,0.5,0084.jpg,0.052935697837255255
698,0FCMN16rmsprop_lr0.0001_prep_mobilenet_ep150,0.5,0396.jpg,0.02884207805915914
699,0FCMN16rmsprop_lr0.0001_prep_mobilenet_ep150,0.5,0370.jpg,
700,0FCMN16rmsprop_lr0.0001_prep_mobilenet_ep150,0.6,0766.jpg,0.2974059118215378
701,0FCMN16rmsprop_lr0.0001_prep_mobilenet_ep150,0.6,0485.jpg,0.07974800423139318
702,0FCMN16rmsprop_lr0.0001_prep_mobilenet_ep150,0.6,0674.jpg,0.1467192855771131
703,0FCMN16rmsprop_lr0.0001_prep_mobilenet_ep150,0.6,0417.jpg,0.041132866077248406
704,0FCMN16rmsprop_lr0.0001_prep_mobilenet_ep150,0.6,0136.jpg,0.06614617255473633
705,0FCMN16rmsprop_lr0.0001_prep_mobilenet_ep150,0.6,0570.jpg,0.5543608273366697
706,0FCMN16rmsprop_lr0.0001_prep_mobilenet_ep150,0.6,0119.jpg,0.0038101070390099833
707,0FCMN16rmsprop_lr0.0001_prep_mobilenet_ep150,0.6,0595.jpg,0.29456541724076357
708,0FCMN16rmsprop_lr0.0001_prep_mobilenet_ep150,0.6,0758.jpg,0.0242729416721741
709,0FCMN16rmsprop_lr0.0001_prep_mobilenet_ep150,0.6,0479.jpg,0.00956138619465667
710,0FCMN16rmsprop_lr0.0001_prep_mobilenet_ep150,0.6,0330.jpg,0.39239432986415274
711,0FCMN16rmsprop_lr0.0001_prep_mobilenet_ep150,0.6,0379.jpg,
712,0FCMN16rmsprop_lr0.0001_prep_mobilenet_ep150,0.6,0443.jpg,
713,0FCMN16rmsprop_lr0.0001_prep_mobilenet_ep150,0.6,0025.jpg,0.017205729213830925
714,0FCMN16rmsprop_lr0.0001_prep_mobilenet_ep150,0.6,0678.jpg,0.02690743285941311
715,0FCMN16rmsprop_lr0.0001_prep_mobilenet_ep150,0.6,0547.jpg,0.023484913190597943
716,0FCMN16rmsprop_lr0.0001_prep_mobilenet_ep150,0.6,0122.jpg,0.025284815787255388
717,0FCMN16rmsprop_lr0.0001_prep_mobilenet_ep150,0.6,0465.jpg,0.2492067667556627
718,0FCMN16rmsprop_lr0.0001_prep_mobilenet_ep150,0.6,0163.jpg,0.07371740126251851
719,0FCMN16rmsprop_lr0.0001_prep_mobilenet_ep150,0.6,0476.jpg,0.016768425336563232
720,0FCMN16rmsprop_lr0.0001_prep_mobilenet_ep150,0.6,0763.jpg,0.04236651585585488
721,0FCMN16rmsprop_lr0.0001_prep_mobilenet_ep150,0.6,0067.jpg,
722,0FCMN16rmsprop_lr0.0001_prep_mobilenet_ep150,0.6,0771.jpg,0.050642188944021845
723,0FCMN16rmsprop_lr0.0001_prep_mobilenet_ep150,0.6,0714.jpg,0.16927306719701848
724,0FCMN16rmsprop_lr0.0001_prep_mobilenet_ep150,0.6,0106.jpg,0.06436846032239049
725,0FCMN16rmsprop_lr0.0001_prep_mobilenet_ep150,0.6,0440.jpg,0.15973916583764322
726,0FCMN16rmsprop_lr0.0001_prep_mobilenet_ep150,0.6,0468.jpg,0.05762973288427464
727,0FCMN16rmsprop_lr0.0001_prep_mobilenet_ep150,0.6,0321.jpg,
728,0FCMN16rmsprop_lr0.0001_prep_mobilenet_ep150,0.6,0688.jpg,0.07410021692620757
729,0FCMN16rmsprop_lr0.0001_prep_mobilenet_ep150,0.6,0049.jpg,0.03569750375817131
730,0FCMN16rmsprop_lr0.0001_prep_mobilenet_ep150,0.6,0010.jpg,0.020899766519470973
731,0FCMN16rmsprop_lr0.0001_prep_mobilenet_ep150,0.6,0061.jpg,
732,0FCMN16rmsprop_lr0.0001_prep_mobilenet_ep150,0.6,0666.jpg,0.5457556992978916
733,0FCMN16rmsprop_lr0.0001_prep_mobilenet_ep150,0.6,0323.jpg,0.2029621360918388
734,0FCMN16rmsprop_lr0.0001_prep_mobilenet_ep150,0.6,0058.jpg,
735,0FCMN16rmsprop_lr0.0001_prep_mobilenet_ep150,0.6,0429.jpg,0.004399651585271131
736,0FCMN16rmsprop_lr0.0001_prep_mobilenet_ep150,0.6,0624.jpg,0.35241272275064917
737,0FCMN16rmsprop_lr0.0001_prep_mobilenet_ep150,0.6,0213.jpg,
738,0FCMN16rmsprop_lr0.0001_prep_mobilenet_ep150,0.6,0487.jpg,0.0333330715716126
739,0FCMN16rmsprop_lr0.0001_prep_mobilenet_ep150,0.6,0021.jpg,
740,0FCMN16rmsprop_lr0.0001_prep_mobilenet_ep150,0.6,0644.jpg,0.025118890777532068
741,0FCMN16rmsprop_lr0.0001_prep_mobilenet_ep150,0.6,0647.jpg,0.023821907003275945
742,0FCMN16rmsprop_lr0.0001_prep_mobilenet_ep150,0.6,0150.jpg,0.03625668995772707
743,0FCMN16rmsprop_lr0.0001_prep_mobilenet_ep150,0.6,0621.jpg,0.16179372679731563
744,0FCMN16rmsprop_lr0.0001_prep_mobilenet_ep150,0.6,0594.jpg,0.04626130661689729
745,0FCMN16rmsprop_lr0.0001_prep_mobilenet_ep150,0.6,0175.jpg,0.00810622382813295
746,0FCMN16rmsprop_lr0.0001_prep_mobilenet_ep150,0.6,0110.jpg,0.011654066165555173
747,0FCMN16rmsprop_lr0.0001_prep_mobilenet_ep150,0.6,0491.jpg,0.13037652146879164
748,0FCMN16rmsprop_lr0.0001_prep_mobilenet_ep150,0.6,0669.jpg,0.3006495449268457
749,0FCMN16rmsprop_lr0.0001_prep_mobilenet_ep150,0.6,0381.jpg,0.007528981325926555
750,0FCMN16rmsprop_lr0.0001_prep_mobilenet_ep150,0.6,0577.jpg,0.11249643705623269
751,0FCMN16rmsprop_lr0.0001_prep_mobilenet_ep150,0.6,0584.jpg,0.013251905504644489
752,0FCMN16rmsprop_lr0.0001_prep_mobilenet_ep150,0.6,0062.jpg,
753,0FCMN16rmsprop_lr0.0001_prep_mobilenet_ep150,0.6,0733.jpg,0.01740588478126854
754,0FCMN16rmsprop_lr0.0001_prep_mobilenet_ep150,0.6,0684.jpg,
755,0FCMN16rmsprop_lr0.0001_prep_mobilenet_ep150,0.6,0336.jpg,0.0065582407496082564
756,0FCMN16rmsprop_lr0.0001_prep_mobilenet_ep150,0.6,0480.jpg,0.016693565665073153
757,0FCMN16rmsprop_lr0.0001_prep_mobilenet_ep150,0.6,0304.jpg,
758,0FCMN16rmsprop_lr0.0001_prep_mobilenet_ep150,0.6,0378.jpg,0.010040387977020978
759,0FCMN16rmsprop_lr0.0001_prep_mobilenet_ep150,0.6,0059.jpg,
760,0FCMN16rmsprop_lr0.0001_prep_mobilenet_ep150,0.6,0083.jpg,0.10451509560104692
761,0FCMN16rmsprop_lr0.0001_prep_mobilenet_ep150,0.6,0191.jpg,0.16255210016274907
762,0FCMN16rmsprop_lr0.0001_prep_mobilenet_ep150,0.6,0037.jpg,0.0640691952657908
763,0FCMN16rmsprop_lr0.0001_prep_mobilenet_ep150,0.6,0377.jpg,0.015486277182213327
764,0FCMN16rmsprop_lr0.0001_prep_mobilenet_ep150,0.6,0617.jpg,
765,0FCMN16rmsprop_lr0.0001_prep_mobilenet_ep150,0.6,0527.jpg,
766,0FCMN16rmsprop_lr0.0001_prep_mobilenet_ep150,0.6,0071.jpg,0.09552809450960073
767,0FCMN16rmsprop_lr0.0001_prep_mobilenet_ep150,0.6,0043.jpg,
768,0FCMN16rmsprop_lr0.0001_prep_mobilenet_ep150,0.6,0018.jpg,0.04675975110590109
769,0FCMN16rmsprop_lr0.0001_prep_mobilenet_ep150,0.6,0585.jpg,0.05447609217772026
770,0FCMN16rmsprop_lr0.0001_prep_mobilenet_ep150,0.6,0687.jpg,
771,0FCMN16rmsprop_lr0.0001_prep_mobilenet_ep150,0.6,0540.jpg,0.03968883469590598
772,0FCMN16rmsprop_lr0.0001_prep_mobilenet_ep150,0.6,0001.jpg,0.00640646311182256
773,0FCMN16rmsprop_lr0.0001_prep_mobilenet_ep150,0.6,0174.jpg,0.017569490520728728
774,0FCMN16rmsprop_lr0.0001_prep_mobilenet_ep150,0.6,0103.jpg,0.1618334487632214
775,0FCMN16rmsprop_lr0.0001_prep_mobilenet_ep150,0.6,0076.jpg,0.17760727628860026
776,0FCMN16rmsprop_lr0.0001_prep_mobilenet_ep150,0.6,0450.jpg,0.0050014825106816435
777,0FCMN16rmsprop_lr0.0001_prep_mobilenet_ep150,0.6,0729.jpg,0.023975914303454037
778,0FCMN16rmsprop_lr0.0001_prep_mobilenet_ep150,0.6,0068.jpg,0.022737325690181415
779,0FCMN16rmsprop_lr0.0001_prep_mobilenet_ep150,0.6,0183.jpg,0.011813421290802543
780,0FCMN16rmsprop_lr0.0001_prep_mobilenet_ep150,0.6,0550.jpg,
781,0FCMN16rmsprop_lr0.0001_prep_mobilenet_ep150,0.6,0672.jpg,
782,0FCMN16rmsprop_lr0.0001_prep_mobilenet_ep150,0.6,0710.jpg,0.007572762167040837
783,0FCMN16rmsprop_lr0.0001_prep_mobilenet_ep150,0.6,0134.jpg,0.09791971386700424
784,0FCMN16rmsprop_lr0.0001_prep_mobilenet_ep150,0.6,0578.jpg,0.11121783114368837
785,0FCMN16rmsprop_lr0.0001_prep_mobilenet_ep150,0.6,0675.jpg,0.21149514460892052
786,0FCMN16rmsprop_lr0.0001_prep_mobilenet_ep150,0.6,0374.jpg,0.05872677793953188
787,0FCMN16rmsprop_lr0.0001_prep_mobilenet_ep150,0.6,0086.jpg,0.05958203991420443
788,0FCMN16rmsprop_lr0.0001_prep_mobilenet_ep150,0.6,0749.jpg,0.03970093457822228
789,0FCMN16rmsprop_lr0.0001_prep_mobilenet_ep150,0.6,0258.jpg,
790,0FCMN16rmsprop_lr0.0001_prep_mobilenet_ep150,0.6,0087.jpg,
791,0FCMN16rmsprop_lr0.0001_prep_mobilenet_ep150,0.6,0431.jpg,0.012988871062324431
792,0FCMN16rmsprop_lr0.0001_prep_mobilenet_ep150,0.6,0015.jpg,0.378905262734285
793,0FCMN16rmsprop_lr0.0001_prep_mobilenet_ep150,0.6,0460.jpg,0.565553686392171
794,0FCMN16rmsprop_lr0.0001_prep_mobilenet_ep150,0.6,0626.jpg,18.466901301161748
795,0FCMN16rmsprop_lr0.0001_prep_mobilenet_ep150,0.6,0535.jpg,0.1769754052615872
796,0FCMN16rmsprop_lr0.0001_prep_mobilenet_ep150,0.6,0187.jpg,0.0978038082725238
797,0FCMN16rmsprop_lr0.0001_prep_mobilenet_ep150,0.6,0094.jpg,0.010595980311065338
798,0FCMN16rmsprop_lr0.0001_prep_mobilenet_ep150,0.6,0141.jpg,0.016891588433015702
799,0FCMN16rmsprop_lr0.0001_prep_mobilenet_ep150,0.6,0372.jpg,0.17473356362214676
800,0FCMN16rmsprop_lr0.0001_prep_mobilenet_ep150,0.6,0605.jpg,0.2990766796938003
801,0FCMN16rmsprop_lr0.0001_prep_mobilenet_ep150,0.6,0620.jpg,
802,0FCMN16rmsprop_lr0.0001_prep_mobilenet_ep150,0.6,0052.jpg,0.029785482590828277
803,0FCMN16rmsprop_lr0.0001_prep_mobilenet_ep150,0.6,0609.jpg,0.033675852007825274
804,0FCMN16rmsprop_lr0.0001_prep_mobilenet_ep150,0.6,0063.jpg,
805,0FCMN16rmsprop_lr0.0001_prep_mobilenet_ep150,0.6,0281.jpg,0.05567749201085026
806,0FCMN16rmsprop_lr0.0001_prep_mobilenet_ep150,0.6,0517.jpg,0.12528925186195816
807,0FCMN16rmsprop_lr0.0001_prep_mobilenet_ep150,0.6,0648.jpg,0.013046471412895801
808,0FCMN16rmsprop_lr0.0001_prep_mobilenet_ep150,0.6,0113.jpg,0.011323487300164905
809,0FCMN16rmsprop_lr0.0001_prep_mobilenet_ep150,0.6,0398.jpg,0.031437041023505946
810,0FCMN16rmsprop_lr0.0001_prep_mobilenet_ep150,0.6,0559.jpg,0.4210917015654145
811,0FCMN16rmsprop_lr0.0001_prep_mobilenet_ep150,0.6,0456.jpg,0.15020262292992675
812,0FCMN16rmsprop_lr0.0001_prep_mobilenet_ep150,0.6,0735.jpg,0.16455548749002738
813,0FCMN16rmsprop_lr0.0001_prep_mobilenet_ep150,0.6,0441.jpg,0.02341328525411487
814,0FCMN16rmsprop_lr0.0001_prep_mobilenet_ep150,0.6,0463.jpg,0.054270789710179165
815,0FCMN16rmsprop_lr0.0001_prep_mobilenet_ep150,0.6,0453.jpg,0.01266326120061791
816,0FCMN16rmsprop_lr0.0001_prep_mobilenet_ep150,0.6,0599.jpg,0.11383707491183251
817,0FCMN16rmsprop_lr0.0001_prep_mobilenet_ep150,0.6,0764.jpg,
818,0FCMN16rmsprop_lr0.0001_prep_mobilenet_ep150,0.6,0078.jpg,0.04146899284139241
819,0FCMN16rmsprop_lr0.0001_prep_mobilenet_ep150,0.6,0619.jpg,0.5185233916606443
820,0FCMN16rmsprop_lr0.0001_prep_mobilenet_ep150,0.6,0182.jpg,0.2321523072604998
821,0FCMN16rmsprop_lr0.0001_prep_mobilenet_ep150,0.6,0282.jpg,
822,0FCMN16rmsprop_lr0.0001_prep_mobilenet_ep150,0.6,0493.jpg,0.01082245231040551
823,0FCMN16rmsprop_lr0.0001_prep_mobilenet_ep150,0.6,0747.jpg,0.2624998655584661
824,0FCMN16rmsprop_lr0.0001_prep_mobilenet_ep150,0.6,0120.jpg,0.03617743899554971
825,0FCMN16rmsprop_lr0.0001_prep_mobilenet_ep150,0.6,0523.jpg,0.024041207346712112
826,0FCMN16rmsprop_lr0.0001_prep_mobilenet_ep150,0.6,0430.jpg,0.02988436238021808
827,0FCMN16rmsprop_lr0.0001_prep_mobilenet_ep150,0.6,0070.jpg,0.06739375829721508
828,0FCMN16rmsprop_lr0.0001_prep_mobilenet_ep150,0.6,0689.jpg,
829,0FCMN16rmsprop_lr0.0001_prep_mobilenet_ep150,0.6,0554.jpg,0.5117226614052294
830,0FCMN16rmsprop_lr0.0001_prep_mobilenet_ep150,0.6,0036.jpg,0.10180004417693128
831,0FCMN16rmsprop_lr0.0001_prep_mobilenet_ep150,0.6,0354.jpg,0.0164209528333059
832,0FCMN16rmsprop_lr0.0001_prep_mobilenet_ep150,0.6,0189.jpg,
833,0FCMN16rmsprop_lr0.0001_prep_mobilenet_ep150,0.6,0768.jpg,0.014839727301383216
834,0FCMN16rmsprop_lr0.0001_prep_mobilenet_ep150,0.6,0717.jpg,0.06282069137408715
835,0FCMN16rmsprop_lr0.0001_prep_mobilenet_ep150,0.6,0494.jpg,0.023187492207922947
836,0FCMN16rmsprop_lr0.0001_prep_mobilenet_ep150,0.6,0121.jpg,0.003150371510368859
837,0FCMN16rmsprop_lr0.0001_prep_mobilenet_ep150,0.6,0084.jpg,0.054822517933090675
838,0FCMN16rmsprop_lr0.0001_prep_mobilenet_ep150,0.6,0396.jpg,0.029291120596380654
839,0FCMN16rmsprop_lr0.0001_prep_mobilenet_ep150,0.6,0370.jpg,
840,0FCMN16rmsprop_lr0.0001_prep_mobilenet_ep150,0.7,0766.jpg,0.2998363725052551
841,0FCMN16rmsprop_lr0.0001_prep_mobilenet_ep150,0.7,0485.jpg,0.08004359516515124
842,0FCMN16rmsprop_lr0.0001_prep_mobilenet_ep150,0.7,0674.jpg,0.12618592028660194
843,0FCMN16rmsprop_lr0.0001_prep_mobilenet_ep150,0.7,0417.jpg,0.041261241301578114
844,0FCMN16rmsprop_lr0.0001_prep_mobilenet_ep150,0.7,0136.jpg,0.06470469432958592
845,0FCMN16rmsprop_lr0.0001_prep_mobilenet_ep150,0.7,0570.jpg,0.5516721967048493
846,0FCMN16rmsprop_lr0.0001_prep_mobilenet_ep150,0.7,0119.jpg,0.004487586630173462
847,0FCMN16rmsprop_lr0.0001_prep_mobilenet_ep150,0.7,0595.jpg,0.29909004284958984
848,0FCMN16rmsprop_lr0.0001_prep_mobilenet_ep150,0.7,0758.jpg,0.027016881751568963
849,0FCMN16rmsprop_lr0.0001_prep_mobilenet_ep150,0.7,0479.jpg,0.009586664703864212
850,0FCMN16rmsprop_lr0.0001_prep_mobilenet_ep150,0.7,0330.jpg,0.3938369510238379
851,0FCMN16rmsprop_lr0.0001_prep_mobilenet_ep150,0.7,0379.jpg,
852,0FCMN16rmsprop_lr0.0001_prep_mobilenet_ep150,0.7,0443.jpg,
853,0FCMN16rmsprop_lr0.0001_prep_mobilenet_ep150,0.7,0025.jpg,0.018236118420849618
854,0FCMN16rmsprop_lr0.0001_prep_mobilenet_ep150,0.7,0678.jpg,0.02917394825267577
855,0FCMN16rmsprop_lr0.0001_prep_mobilenet_ep150,0.7,0547.jpg,0.023166141639440377
856,0FCMN16rmsprop_lr0.0001_prep_mobilenet_ep150,0.7,0122.jpg,0.023142104375063664
857,0FCMN16rmsprop_lr0.0001_prep_mobilenet_ep150,0.7,0465.jpg,0.25004174239294735
858,0FCMN16rmsprop_lr0.0001_prep_mobilenet_ep150,0.7,0163.jpg,0.080328191780055
859,0FCMN16rmsprop_lr0.0001_prep_mobilenet_ep150,0.7,0476.jpg,0.016802264171932053
860,0FCMN16rmsprop_lr0.0001_prep_mobilenet_ep150,0.7,0763.jpg,0.04413927344894555
861,0FCMN16rmsprop_lr0.0001_prep_mobilenet_ep150,0.7,0067.jpg,
862,0FCMN16rmsprop_lr0.0001_prep_mobilenet_ep150,0.7,0771.jpg,0.052240898376627695
863,0FCMN16rmsprop_lr0.0001_prep_mobilenet_ep150,0.7,0714.jpg,0.16625248060224507
864,0FCMN16rmsprop_lr0.0001_prep_mobilenet_ep150,0.7,0106.jpg,0.0647783778947129
865,0FCMN16rmsprop_lr0.0001_prep_mobilenet_ep150,0.7,0440.jpg,0.15778177819283765
866,0FCMN16rmsprop_lr0.0001_prep_mobilenet_ep150,0.7,0468.jpg,0.0578071671333374
867,0FCMN16rmsprop_lr0.0001_prep_mobilenet_ep150,0.7,0321.jpg,
868,0FCMN16rmsprop_lr0.0001_prep_mobilenet_ep150,0.7,0688.jpg,0.07147587761993875
869,0FCMN16rmsprop_lr0.0001_prep_mobilenet_ep150,0.7,0049.jpg,0.03502856714989429
870,0FCMN16rmsprop_lr0.0001_prep_mobilenet_ep150,0.7,0010.jpg,0.020308926104564376
871,0FCMN16rmsprop_lr0.0001_prep_mobilenet_ep150,0.7,0061.jpg,
872,0FCMN16rmsprop_lr0.0001_prep_mobilenet_ep150,0.7,0666.jpg,0.5477455086002772
873,0FCMN16rmsprop_lr0.0001_prep_mobilenet_ep150,0.7,0323.jpg,0.21202294289025753
874,0FCMN16rmsprop_lr0.0001_prep_mobilenet_ep150,0.7,0058.jpg,
875,0FCMN16rmsprop_lr0.0001_prep_mobilenet_ep150,0.7,0429.jpg,0.004402352826477961
876,0FCMN16rmsprop_lr0.0001_prep_mobilenet_ep150,0.7,0624.jpg,0.33575162709393247
877,0FCMN16rmsprop_lr0.0001_prep_mobilenet_ep150,0.7,0213.jpg,
878,0FCMN16rmsprop_lr0.0001_prep_mobilenet_ep150,0.7,0487.jpg,0.03420678205438918
879,0FCMN16rmsprop_lr0.0001_prep_mobilenet_ep150,0.7,0021.jpg,
880,0FCMN16rmsprop_lr0.0001_prep_mobilenet_ep150,0.7,0644.jpg,0.02427125464044287
881,0FCMN16rmsprop_lr0.0001_prep_mobilenet_ep150,0.7,0647.jpg,0.021422312137643534
882,0FCMN16rmsprop_lr0.0001_prep_mobilenet_ep150,0.7,0150.jpg,0.03605192653275333
883,0FCMN16rmsprop_lr0.0001_prep_mobilenet_ep150,0.7,0621.jpg,0.15699947805715175
884,0FCMN16rmsprop_lr0.0001_prep_mobilenet_ep150,0.7,0594.jpg,0.045930102218707414
885,0FCMN16rmsprop_lr0.0001_prep_mobilenet_ep150,0.7,0175.jpg,0.009539561546392763
886,0FCMN16rmsprop_lr0.0001_prep_mobilenet_ep150,0.7,0110.jpg,0.012548708685050283
887,0FCMN16rmsprop_lr0.0001_prep_mobilenet_ep150,0.7,0491.jpg,0.12810219596470288
888,0FCMN16rmsprop_lr0.0001_prep_mobilenet_ep150,0.7,0669.jpg,0.30499961876239245
889,0FCMN16rmsprop_lr0.0001_prep_mobilenet_ep150,0.7,0381.jpg,0.005058392990967571
890,0FCMN16rmsprop_lr0.0001_prep_mobilenet_ep150,0.7,0577.jpg,0.11668008665143145
891,0FCMN16rmsprop_lr0.0001_prep_mobilenet_ep150,0.7,0584.jpg,0.01397151568285074
892,0FCMN16rmsprop_lr0.0001_prep_mobilenet_ep150,0.7,0062.jpg,
893,0FCMN16rmsprop_lr0.0001_prep_mobilenet_ep150,0.7,0733.jpg,0.01790980015982481
894,0FCMN16rmsprop_lr0.0001_prep_mobilenet_ep150,0.7,0684.jpg,
895,0FCMN16rmsprop_lr0.0001_prep_mobilenet_ep150,0.7,0336.jpg,0.007115785989425772
896,0FCMN16rmsprop_lr0.0001_prep_mobilenet_ep150,0.7,0480.jpg,0.016736707744001683
897,0FCMN16rmsprop_lr0.0001_prep_mobilenet_ep150,0.7,0304.jpg,
898,0FCMN16rmsprop_lr0.0001_prep_mobilenet_ep150,0.7,0378.jpg,0.01005928539762211
899,0FCMN16rmsprop_lr0.0001_prep_mobilenet_ep150,0.7,0059.jpg,
900,0FCMN16rmsprop_lr0.0001_prep_mobilenet_ep150,0.7,0083.jpg,0.1060533762152375
901,0FCMN16rmsprop_lr0.0001_prep_mobilenet_ep150,0.7,0191.jpg,0.16266881556065693
902,0FCMN16rmsprop_lr0.0001_prep_mobilenet_ep150,0.7,0037.jpg,0.06477740643874845
903,0FCMN16rmsprop_lr0.0001_prep_mobilenet_ep150,0.7,0377.jpg,0.015860766126401547
904,0FCMN16rmsprop_lr0.0001_prep_mobilenet_ep150,0.7,0617.jpg,
905,0FCMN16rmsprop_lr0.0001_prep_mobilenet_ep150,0.7,0527.jpg,
906,0FCMN16rmsprop_lr0.0001_prep_mobilenet_ep150,0.7,0071.jpg,0.09870357294960079
907,0FCMN16rmsprop_lr0.0001_prep_mobilenet_ep150,0.7,0043.jpg,
908,0FCMN16rmsprop_lr0.0001_prep_mobilenet_ep150,0.7,0018.jpg,0.047890560885710566
909,0FCMN16rmsprop_lr0.0001_prep_mobilenet_ep150,0.7,0585.jpg,0.05527963331618736
910,0FCMN16rmsprop_lr0.0001_prep_mobilenet_ep150,0.7,0687.jpg,
911,0FCMN16rmsprop_lr0.0001_prep_mobilenet_ep150,0.7,0540.jpg,0.040009975437471076
912,0FCMN16rmsprop_lr0.0001_prep_mobilenet_ep150,0.7,0001.jpg,0.0070622478344471
913,0FCMN16rmsprop_lr0.0001_prep_mobilenet_ep150,0.7,0174.jpg,0.017344529429081077
914,0FCMN16rmsprop_lr0.0001_prep_mobilenet_ep150,0.7,0103.jpg,0.15829180677565866
915,0FCMN16rmsprop_lr0.0001_prep_mobilenet_ep150,0.7,0076.jpg,0.1746824091685723
916,0FCMN16rmsprop_lr0.0001_prep_mobilenet_ep150,0.7,0450.jpg,0.005412960444945815
917,0FCMN16rmsprop_lr0.0001_prep_mobilenet_ep150,0.7,0729.jpg,0.024271139870515622
918,0FCMN16rmsprop_lr0.0001_prep_mobilenet_ep150,0.7,0068.jpg,0.02277493638783049
919,0FCMN16rmsprop_lr0.0001_prep_mobilenet_ep150,0.7,0183.jpg,0.011059432766193972
920,0FCMN16rmsprop_lr0.0001_prep_mobilenet_ep150,0.7,0550.jpg,
921,0FCMN16rmsprop_lr0.0001_prep_mobilenet_ep150,0.7,0672.jpg,
922,0FCMN16rmsprop_lr0.0001_prep_mobilenet_ep150,0.7,0710.jpg,0.007691689144496432
923,0FCMN16rmsprop_lr0.0001_prep_mobilenet_ep150,0.7,0134.jpg,0.10117275032297325
924,0FCMN16rmsprop_lr0.0001_prep_mobilenet_ep150,0.7,0578.jpg,0.1142531557771263
925,0FCMN16rmsprop_lr0.0001_prep_mobilenet_ep150,0.7,0675.jpg,0.21358279971775918
926,0FCMN16rmsprop_lr0.0001_prep_mobilenet_ep150,0.7,0374.jpg,0.06264970343364477
927,0FCMN16rmsprop_lr0.0001_prep_mobilenet_ep150,0.7,0086.jpg,0.0603490892294073
928,0FCMN16rmsprop_lr0.0001_prep_mobilenet_ep150,0.7,0749.jpg,0.04228946983325248
929,0FCMN16rmsprop_lr0.0001_prep_mobilenet_ep150,0.7,0258.jpg,
930,0FCMN16rmsprop_lr0.0001_prep_mobilenet_ep150,0.7,0087.jpg,
931,0FCMN16rmsprop_lr0.0001_prep_mobilenet_ep150,0.7,0431.jpg,0.012476335771827121
932,0FCMN16rmsprop_lr0.0001_prep_mobilenet_ep150,0.7,0015.jpg,0.40244876391532713
933,0FCMN16rmsprop_lr0.0001_prep_mobilenet_ep150,0.7,0460.jpg,0.5674248341364366
934,0FCMN16rmsprop_lr0.0001_prep_mobilenet_ep150,0.7,0626.jpg,18.46724136753125
935,0FCMN16rmsprop_lr0.0001_prep_mobilenet_ep150,0.7,0535.jpg,0.18191852100870837
936,0FCMN16rmsprop_lr0.0001_prep_mobilenet_ep150,0.7,0187.jpg,0.09706447144365576
937,0FCMN16rmsprop_lr0.0001_prep_mobilenet_ep150,0.7,0094.jpg,0.009155771727953513
938,0FCMN16rmsprop_lr0.0001_prep_mobilenet_ep150,0.7,0141.jpg,0.016652249819343462
939,0FCMN16rmsprop_lr0.0001_prep_mobilenet_ep150,0.7,0372.jpg,0.1754939377550779
940,0FCMN16rmsprop_lr0.0001_prep_mobilenet_ep150,0.7,0605.jpg,0.3001060628219153
941,0FCMN16rmsprop_lr0.0001_prep_mobilenet_ep150,0.7,0620.jpg,
942,0FCMN16rmsprop_lr0.0001_prep_mobilenet_ep150,0.7,0052.jpg,0.03074517216735942
943,0FCMN16rmsprop_lr0.0001_prep_mobilenet_ep150,0.7,0609.jpg,0.03893659658961673
944,0FCMN16rmsprop_lr0.0001_prep_mobilenet_ep150,0.7,0063.jpg,
945,0FCMN16rmsprop_lr0.0001_prep_mobilenet_ep150,0.7,0281.jpg,0.05526774471434198
946,0FCMN16rmsprop_lr0.0001_prep_mobilenet_ep150,0.7,0517.jpg,0.1265509813020678
947,0FCMN16rmsprop_lr0.0001_prep_mobilenet_ep150,0.7,0648.jpg,0.013530925226678057
948,0FCMN16rmsprop_lr0.0001_prep_mobilenet_ep150,0.7,0113.jpg,0.011531703267361729
949,0FCMN16rmsprop_lr0.0001_prep_mobilenet_ep150,0.7,0398.jpg,0.03179418877081199
950,0FCMN16rmsprop_lr0.0001_prep_mobilenet_ep150,0.7,0559.jpg,0.4220408195672165
951,0FCMN16rmsprop_lr0.0001_prep_mobilenet_ep150,0.7,0456.jpg,0.14884790649780796
952,0FCMN16rmsprop_lr0.0001_prep_mobilenet_ep150,0.7,0735.jpg,0.17212522656527496
953,0FCMN16rmsprop_lr0.0001_prep_mobilenet_ep150,0.7,0441.jpg,0.019683339898561383
954,0FCMN16rmsprop_lr0.0001_prep_mobilenet_ep150,0.7,0463.jpg,0.05860402730096077
955,0FCMN16rmsprop_lr0.0001_prep_mobilenet_ep150,0.7,0453.jpg,0.012760395586140382
956,0FCMN16rmsprop_lr0.0001_prep_mobilenet_ep150,0.7,0599.jpg,0.11876267489344816
957,0FCMN16rmsprop_lr0.0001_prep_mobilenet_ep150,0.7,0764.jpg,
958,0FCMN16rmsprop_lr0.0001_prep_mobilenet_ep150,0.7,0078.jpg,0.042980277651505416
959,0FCMN16rmsprop_lr0.0001_prep_mobilenet_ep150,0.7,0619.jpg,0.5205605238272519
960,0FCMN16rmsprop_lr0.0001_prep_mobilenet_ep150,0.7,0182.jpg,0.24834468108021118
961,0FCMN16rmsprop_lr0.0001_prep_mobilenet_ep150,0.7,0282.jpg,
962,0FCMN16rmsprop_lr0.0001_prep_mobilenet_ep150,0.7,0493.jpg,0.010989890714250111
963,0FCMN16rmsprop_lr0.0001_prep_mobilenet_ep150,0.7,0747.jpg,0.2687725885829864
964,0FCMN16rmsprop_lr0.0001_prep_mobilenet_ep150,0.7,0120.jpg,0.035016954148790566
965,0FCMN16rmsprop_lr0.0001_prep_mobilenet_ep150,0.7,0523.jpg,0.025957252075650486
966,0FCMN16rmsprop_lr0.0001_prep_mobilenet_ep150,0.7,0430.jpg,0.03033928285561975
967,0FCMN16rmsprop_lr0.0001_prep_mobilenet_ep150,0.7,0070.jpg,0.06944105683488744
968,0FCMN16rmsprop_lr0.0001_prep_mobilenet_ep150,0.7,0689.jpg,
969,0FCMN16rmsprop_lr0.0001_prep_mobilenet_ep150,0.7,0554.jpg,0.5150216101838528
970,0FCMN16rmsprop_lr0.0001_prep_mobilenet_ep150,0.7,0036.jpg,0.10227476947290348
971,0FCMN16rmsprop_lr0.0001_prep_mobilenet_ep150,0.7,0354.jpg,0.015980689933457196
972,0FCMN16rmsprop_lr0.0001_prep_mobilenet_ep150,0.7,0189.jpg,
973,0FCMN16rmsprop_lr0.0001_prep_mobilenet_ep150,0.7,0768.jpg,0.015228519172353405
974,0FCMN16rmsprop_lr0.0001_prep_mobilenet_ep150,0.7,0717.jpg,0.06534775450810193
975,0FCMN16rmsprop_lr0.0001_prep_mobilenet_ep150,0.7,0494.jpg,0.02382812190772262
976,0FCMN16rmsprop_lr0.0001_prep_mobilenet_ep150,0.7,0121.jpg,0.004710568131429028
977,0FCMN16rmsprop_lr0.0001_prep_mobilenet_ep150,0.7,0084.jpg,0.05325536262127998
978,0FCMN16rmsprop_lr0.0001_prep_mobilenet_ep150,0.7,0396.jpg,0.030361322260455653
979,0FCMN16rmsprop_lr0.0001_prep_mobilenet_ep150,0.7,0370.jpg,
980,0FCMN16rmsprop_lr0.0001_prep_mobilenet_ep150,0.8,0766.jpg,0.30352980076888114
981,0FCMN16rmsprop_lr0.0001_prep_mobilenet_ep150,0.8,0485.jpg,0.080705507939399
982,0FCMN16rmsprop_lr0.0001_prep_mobilenet_ep150,0.8,0674.jpg,0.1054104437629321
983,0FCMN16rmsprop_lr0.0001_prep_mobilenet_ep150,0.8,0417.jpg,0.04179292783860093
984,0FCMN16rmsprop_lr0.0001_prep_mobilenet_ep150,0.8,0136.jpg,0.061605500162288405
985,0FCMN16rmsprop_lr0.0001_prep_mobilenet_ep150,0.8,0570.jpg,0.5522138157461325
986,0FCMN16rmsprop_lr0.0001_prep_mobilenet_ep150,0.8,0119.jpg,0.004530452806942518
987,0FCMN16rmsprop_lr0.0001_prep_mobilenet_ep150,0.8,0595.jpg,0.3063271419039695
988,0FCMN16rmsprop_lr0.0001_prep_mobilenet_ep150,0.8,0758.jpg,0.031921716743971616
989,0FCMN16rmsprop_lr0.0001_prep_mobilenet_ep150,0.8,0479.jpg,0.009814531197995507
990,0FCMN16rmsprop_lr0.0001_prep_mobilenet_ep150,0.8,0330.jpg,0.3948860676081557
991,0FCMN16rmsprop_lr0.0001_prep_mobilenet_ep150,0.8,0379.jpg,
992,0FCMN16rmsprop_lr0.0001_prep_mobilenet_ep150,0.8,0443.jpg,
993,0FCMN16rmsprop_lr0.0001_prep_mobilenet_ep150,0.8,0025.jpg,0.01540721601506348
994,0FCMN16rmsprop_lr0.0001_prep_mobilenet_ep150,0.8,0678.jpg,0.037726206587646825
995,0FCMN16rmsprop_lr0.0001_prep_mobilenet_ep150,0.8,0547.jpg,0.021754484932113138
996,0FCMN16rmsprop_lr0.0001_prep_mobilenet_ep150,0.8,0122.jpg,0.021233498841645736
997,0FCMN16rmsprop_lr0.0001_prep_mobilenet_ep150,0.8,0465.jpg,0.2513498216758097
998,0FCMN16rmsprop_lr0.0001_prep_mobilenet_ep150,0.8,0163.jpg,0.08800219823538336
999,0FCMN16rmsprop_lr0.0001_prep_mobilenet_ep150,0.8,0476.jpg,0.01699120564181356
1000,0FCMN16rmsprop_lr0.0001_prep_mobilenet_ep150,0.8,0763.jpg,0.044745614018577254
1001,0FCMN16rmsprop_lr0.0001_prep_mobilenet_ep150,0.8,0067.jpg,
1002,0FCMN16rmsprop_lr0.0001_prep_mobilenet_ep150,0.8,0771.jpg,0.05421715903878917
1003,0FCMN16rmsprop_lr0.0001_prep_mobilenet_ep150,0.8,0714.jpg,0.15021624128069785
1004,0FCMN16rmsprop_lr0.0001_prep_mobilenet_ep150,0.8,0106.jpg,0.06625869367732479
1005,0FCMN16rmsprop_lr0.0001_prep_mobilenet_ep150,0.8,0440.jpg,0.1573663809153417
1006,0FCMN16rmsprop_lr0.0001_prep_mobilenet_ep150,0.8,0468.jpg,0.058187741413856825
1007,0FCMN16rmsprop_lr0.0001_prep_mobilenet_ep150,0.8,0321.jpg,
1008,0FCMN16rmsprop_lr0.0001_prep_mobilenet_ep150,0.8,0688.jpg,0.06887483797115183
1009,0FCMN16rmsprop_lr0.0001_prep_mobilenet_ep150,0.8,0049.jpg,0.034595987419522065
1010,0FCMN16rmsprop_lr0.0001_prep_mobilenet_ep150,0.8,0010.jpg,0.019943427347750536
1011,0FCMN16rmsprop_lr0.0001_prep_mobilenet_ep150,0.8,0061.jpg,
1012,0FCMN16rmsprop_lr0.0001_prep_mobilenet_ep150,0.8,0666.jpg,0.5531457737607901
1013,0FCMN16rmsprop_lr0.0001_prep_mobilenet_ep150,0.8,0323.jpg,0.2290692441723836
1014,0FCMN16rmsprop_lr0.0001_prep_mobilenet_ep150,0.8,0058.jpg,
1015,0FCMN16rmsprop_lr0.0001_prep_mobilenet_ep150,0.8,0429.jpg,0.003215995263184064
1016,0FCMN16rmsprop_lr0.0001_prep_mobilenet_ep150,0.8,0624.jpg,0.3122513577105989
1017,0FCMN16rmsprop_lr0.0001_prep_mobilenet_ep150,0.8,0213.jpg,
1018,0FCMN16rmsprop_lr0.0001_prep_mobilenet_ep150,0.8,0487.jpg,0.035369689388009475
1019,0FCMN16rmsprop_lr0.0001_prep_mobilenet_ep150,0.8,0021.jpg,
1020,0FCMN16rmsprop_lr0.0001_prep_mobilenet_ep150,0.8,0644.jpg,0.024585732950128468
1021,0FCMN16rmsprop_lr0.0001_prep_mobilenet_ep150,0.8,0647.jpg,0.019958134079944744
1022,0FCMN16rmsprop_lr0.0001_prep_mobilenet_ep150,0.8,0150.jpg,0.036026480322228216
1023,0FCMN16rmsprop_lr0.0001_prep_mobilenet_ep150,0.8,0621.jpg,0.15094204231557157
1024,0FCMN16rmsprop_lr0.0001_prep_mobilenet_ep150,0.8,0594.jpg,0.045704211446274394
1025,0FCMN16rmsprop_lr0.0001_prep_mobilenet_ep150,0.8,0175.jpg,0.010506717562973748
1026,0FCMN16rmsprop_lr0.0001_prep_mobilenet_ep150,0.8,0110.jpg,0.012101409751555835
1027,0FCMN16rmsprop_lr0.0001_prep_mobilenet_ep150,0.8,0491.jpg,0.12560838574950206
1028,0FCMN16rmsprop_lr0.0001_prep_mobilenet_ep150,0.8,0669.jpg,0.3205882099711967
1029,0FCMN16rmsprop_lr0.0001_prep_mobilenet_ep150,0.8,0381.jpg,0.0026451624095095673
1030,0FCMN16rmsprop_lr0.0001_prep_mobilenet_ep150,0.8,0577.jpg,0.12205047269549699
1031,0FCMN16rmsprop_lr0.0001_prep_mobilenet_ep150,0.8,0584.jpg,0.015017732968081517
1032,0FCMN16rmsprop_lr0.0001_prep_mobilenet_ep150,0.8,0062.jpg,
1033,0FCMN16rmsprop_lr0.0001_prep_mobilenet_ep150,0.8,0733.jpg,0.01860793833837352
1034,0FCMN16rmsprop_lr0.0001_prep_mobilenet_ep150,0.8,0684.jpg,
1035,0FCMN16rmsprop_lr0.0001_prep_mobilenet_ep150,0.8,0336.jpg,0.007900646900859178
1036,0FCMN16rmsprop_lr0.0001_prep_mobilenet_ep150,0.8,0480.jpg,0.017034531215352262
1037,0FCMN16rmsprop_lr0.0001_prep_mobilenet_ep150,0.8,0304.jpg,
1038,0FCMN16rmsprop_lr0.0001_prep_mobilenet_ep150,0.8,0378.jpg,0.009738004321654075
1039,0FCMN16rmsprop_lr0.0001_prep_mobilenet_ep150,0.8,0059.jpg,
1040,0FCMN16rmsprop_lr0.0001_prep_mobilenet_ep150,0.8,0083.jpg,0.1081380802952301
1041,0FCMN16rmsprop_lr0.0001_prep_mobilenet_ep150,0.8,0191.jpg,0.16206989249037657
1042,0FCMN16rmsprop_lr0.0001_prep_mobilenet_ep150,0.8,0037.jpg,0.06529138536922806
1043,0FCMN16rmsprop_lr0.0001_prep_mobilenet_ep150,0.8,0377.jpg,0.01621667292417272
1044,0FCMN16rmsprop_lr0.0001_prep_mobilenet_ep150,0.8,0617.jpg,
1045,0FCMN16rmsprop_lr0.0001_prep_mobilenet_ep150,0.8,0527.jpg,
1046,0FCMN16rmsprop_lr0.0001_prep_mobilenet_ep150,0.8,0071.jpg,0.10818969581324504
1047,0FCMN16rmsprop_lr0.0001_prep_mobilenet_ep150,0.8,0043.jpg,
1048,0FCMN16rmsprop_lr0.0001_prep_mobilenet_ep150,0.8,0018.jpg,0.04431674649333564
1049,0FCMN16rmsprop_lr0.0001_prep_mobilenet_ep150,0.8,0585.jpg,0.0561141175800074
1050,0FCMN16rmsprop_lr0.0001_prep_mobilenet_ep150,0.8,0687.jpg,
1051,0FCMN16rmsprop_lr0.0001_prep_mobilenet_ep150,0.8,0540.jpg,0.040781651551622077
1052,0FCMN16rmsprop_lr0.0001_prep_mobilenet_ep150,0.8,0001.jpg,0.00713341765166197
1053,0FCMN16rmsprop_lr0.0001_prep_mobilenet_ep150,0.8,0174.jpg,0.017685119719216952
1054,0FCMN16rmsprop_lr0.0001_prep_mobilenet_ep150,0.8,0103.jpg,0.1544994282788057
1055,0FCMN16rmsprop_lr0.0001_prep_mobilenet_ep150,0.8,0076.jpg,0.1727170188756061
1056,0FCMN16rmsprop_lr0.0001_prep_mobilenet_ep150,0.8,0450.jpg,0.00588674518009092
1057,0FCMN16rmsprop_lr0.0001_prep_mobilenet_ep150,0.8,0729.jpg,0.02385431519477656
1058,0FCMN16rmsprop_lr0.0001_prep_mobilenet_ep150,0.8,0068.jpg,0.023315875631092924
1059,0FCMN16rmsprop_lr0.0001_prep_mobilenet_ep150,0.8,0183.jpg,0.009139008123402702
1060,0FCMN16rmsprop_lr0.0001_prep_mobilenet_ep150,0.8,0550.jpg,
1061,0FCMN16rmsprop_lr0.0001_prep_mobilenet_ep150,0.8,0672.jpg,
1062,0FCMN16rmsprop_lr0.0001_prep_mobilenet_ep150,0.8,0710.jpg,0.00746340639800066
1063,0FCMN16rmsprop_lr0.0001_prep_mobilenet_ep150,0.8,0134.jpg,0.10415703693877636
1064,0FCMN16rmsprop_lr0.0001_prep_mobilenet_ep150,0.8,0578.jpg,0.11905261976107916
1065,0FCMN16rmsprop_lr0.0001_prep_mobilenet_ep150,0.8,0675.jpg,0.21730837756069454
1066,0FCMN16rmsprop_lr0.0001_prep_mobilenet_ep150,0.8,0374.jpg,0.06571153500797546
1067,0FCMN16rmsprop_lr0.0001_prep_mobilenet_ep150,0.8,0086.jpg,0.05995926851546547
1068,0FCMN16rmsprop_lr0.0001_prep_mobilenet_ep150,0.8,0749.jpg,0.055216989533792726
1069,0FCMN16rmsprop_lr0.0001_prep_mobilenet_ep150,0.8,0258.jpg,
1070,0FCMN16rmsprop_lr0.0001_prep_mobilenet_ep150,0.8,0087.jpg,
1071,0FCMN16rmsprop_lr0.0001_prep_mobilenet_ep150,0.8,0431.jpg,0.012151484334311917
1072,0FCMN16rmsprop_lr0.0001_prep_mobilenet_ep150,0.8,0015.jpg,0.43194419382492677
1073,0FCMN16rmsprop_lr0.0001_prep_mobilenet_ep150,0.8,0460.jpg,0.569617996672003
1074,0FCMN16rmsprop_lr0.0001_prep_mobilenet_ep150,0.8,0626.jpg,
1075,0FCMN16rmsprop_lr0.0001_prep_mobilenet_ep150,0.8,0535.jpg,0.188707109436408
1076,0FCMN16rmsprop_lr0.0001_prep_mobilenet_ep150,0.8,0187.jpg,0.09724493548913232
1077,0FCMN16rmsprop_lr0.0001_prep_mobilenet_ep150,0.8,0094.jpg,0.009312491819946402
1078,0FCMN16rmsprop_lr0.0001_prep_mobilenet_ep150,0.8,0141.jpg,0.01933857654028303
1079,0FCMN16rmsprop_lr0.0001_prep_mobilenet_ep150,0.8,0372.jpg,0.17684813670171703
1080,0FCMN16rmsprop_lr0.0001_prep_mobilenet_ep150,0.8,0605.jpg,0.30092768146890886
1081,0FCMN16rmsprop_lr0.0001_prep_mobilenet_ep150,0.8,0620.jpg,
1082,0FCMN16rmsprop_lr0.0001_prep_mobilenet_ep150,0.8,0052.jpg,0.031177984523454598
1083,0FCMN16rmsprop_lr0.0001_prep_mobilenet_ep150,0.8,0609.jpg,0.04630298253651157
1084,0FCMN16rmsprop_lr0.0001_prep_mobilenet_ep150,0.8,0063.jpg,
1085,0FCMN16rmsprop_lr0.0001_prep_mobilenet_ep150,0.8,0281.jpg,0.056086456895081564
1086,0FCMN16rmsprop_lr0.0001_prep_mobilenet_ep150,0.8,0517.jpg,0.12771912290785736
1087,0FCMN16rmsprop_lr0.0001_prep_mobilenet_ep150,0.8,0648.jpg,0.013761931054435142
1088,0FCMN16rmsprop_lr0.0001_prep_mobilenet_ep150,0.8,0113.jpg,0.011036518985977226
1089,0FCMN16rmsprop_lr0.0001_prep_mobilenet_ep150,0.8,0398.jpg,0.03227374119393988
1090,0FCMN16rmsprop_lr0.0001_prep_mobilenet_ep150,0.8,0559.jpg,0.4248640898065322
1091,0FCMN16rmsprop_lr0.0001_prep_mobilenet_ep150,0.8,0456.jpg,0.1437831240545739
1092,0FCMN16rmsprop_lr0.0001_prep_mobilenet_ep150,0.8,0735.jpg,0.22779586300024077
1093,0FCMN16rmsprop_lr0.0001_prep_mobilenet_ep150,0.8,0441.jpg,0.0143084560732633
1094,0FCMN16rmsprop_lr0.0001_prep_mobilenet_ep150,0.8,0463.jpg,0.0646114001516647
1095,0FCMN16rmsprop_lr0.0001_prep_mobilenet_ep150,0.8,0453.jpg,0.013416133046688176
1096,0FCMN16rmsprop_lr0.0001_prep_mobilenet_ep150,0.8,0599.jpg,0.12521900150410611
1097,0FCMN16rmsprop_lr0.0001_prep_mobilenet_ep150,0.8,0764.jpg,
1098,0FCMN16rmsprop_lr0.0001_prep_mobilenet_ep150,0.8,0078.jpg,0.04600945928501572
1099,0FCMN16rmsprop_lr0.0001_prep_mobilenet_ep150,0.8,0619.jpg,0.5229174564535366
1100,0FCMN16rmsprop_lr0.0001_prep_mobilenet_ep150,0.8,0182.jpg,0.2884526786772613
1101,0FCMN16rmsprop_lr0.0001_prep_mobilenet_ep150,0.8,0282.jpg,
1102,0FCMN16rmsprop_lr0.0001_prep_mobilenet_ep150,0.8,0493.jpg,0.011227939376383746
1103,0FCMN16rmsprop_lr0.0001_prep_mobilenet_ep150,0.8,0747.jpg,0.27332449649404117
1104,0FCMN16rmsprop_lr0.0001_prep_mobilenet_ep150,0.8,0120.jpg,0.033673750617165626
1105,0FCMN16rmsprop_lr0.0001_prep_mobilenet_ep150,0.8,0523.jpg,0.028647962278363134
1106,0FCMN16rmsprop_lr0.0001_prep_mobilenet_ep150,0.8,0430.jpg,0.030560311100849148
1107,0FCMN16rmsprop_lr0.0001_prep_mobilenet_ep150,0.8,0070.jpg,0.07105631073583317
1108,0FCMN16rmsprop_lr0.0001_prep_mobilenet_ep150,0.8,0689.jpg,
1109,0FCMN16rmsprop_lr0.0001_prep_mobilenet_ep150,0.8,0554.jpg,0.5210263864395305
1110,0FCMN16rmsprop_lr0.0001_prep_mobilenet_ep150,0.8,0036.jpg,0.10203965239803925
1111,0FCMN16rmsprop_lr0.0001_prep_mobilenet_ep150,0.8,0354.jpg,0.01509317253733397
1112,0FCMN16rmsprop_lr0.0001_prep_mobilenet_ep150,0.8,0189.jpg,
1113,0FCMN16rmsprop_lr0.0001_prep_mobilenet_ep150,0.8,0768.jpg,0.015801122497570333
1114,0FCMN16rmsprop_lr0.0001_prep_mobilenet_ep150,0.8,0717.jpg,0.06871650907287734
1115,0FCMN16rmsprop_lr0.0001_prep_mobilenet_ep150,0.8,0494.jpg,0.024751796077328317
1116,0FCMN16rmsprop_lr0.0001_prep_mobilenet_ep150,0.8,0121.jpg,0.005261496083285414
1117,0FCMN16rmsprop_lr0.0001_prep_mobilenet_ep150,0.8,0084.jpg,0.051727106261859515
1118,0FCMN16rmsprop_lr0.0001_prep_mobilenet_ep150,0.8,0396.jpg,0.03117322831603617
1119,0FCMN16rmsprop_lr0.0001_prep_mobilenet_ep150,0.8,0370.jpg,
1120,0FCMN16rmsprop_lr0.0001_prep_mobilenet_ep150,0.9,0766.jpg,0.3080093435617896
1121,0FCMN16rmsprop_lr0.0001_prep_mobilenet_ep150,0.9,0485.jpg,0.08249917099343058
1122,0FCMN16rmsprop_lr0.0001_prep_mobilenet_ep150,0.9,0674.jpg,0.05940739408404335
1123,0FCMN16rmsprop_lr0.0001_prep_mobilenet_ep150,0.9,0417.jpg,0.04107767386802447
1124,0FCMN16rmsprop_lr0.0001_prep_mobilenet_ep150,0.9,0136.jpg,0.05611847275294853
1125,0FCMN16rmsprop_lr0.0001_prep_mobilenet_ep150,0.9,0570.jpg,
1126,0FCMN16rmsprop_lr0.0001_prep_mobilenet_ep150,0.9,0119.jpg,0.00507716636578533
1127,0FCMN16rmsprop_lr0.0001_prep_mobilenet_ep150,0.9,0595.jpg,0.31679075849108224
1128,0FCMN16rmsprop_lr0.0001_prep_mobilenet_ep150,0.9,0758.jpg,0.04067102016214421
1129,0FCMN16rmsprop_lr0.0001_prep_mobilenet_ep150,0.9,0479.jpg,0.009097004421048578
1130,0FCMN16rmsprop_lr0.0001_prep_mobilenet_ep150,0.9,0330.jpg,0.39648272970847576
1131,0FCMN16rmsprop_lr0.0001_prep_mobilenet_ep150,0.9,0379.jpg,
1132,0FCMN16rmsprop_lr0.0001_prep_mobilenet_ep150,0.9,0443.jpg,
1133,0FCMN16rmsprop_lr0.0001_prep_mobilenet_ep150,0.9,0025.jpg,0.022442172760341297
1134,0FCMN16rmsprop_lr0.0001_prep_mobilenet_ep150,0.9,0678.jpg,0.05153626583829921
1135,0FCMN16rmsprop_lr0.0001_prep_mobilenet_ep150,0.9,0547.jpg,0.02013863801233666
1136,0FCMN16rmsprop_lr0.0001_prep_mobilenet_ep150,0.9,0122.jpg,0.02166809402119195
1137,0FCMN16rmsprop_lr0.0001_prep_mobilenet_ep150,0.9,0465.jpg,0.253477029129182
1138,0FCMN16rmsprop_lr0.0001_prep_mobilenet_ep150,0.9,0163.jpg,0.10068634764486557
1139,0FCMN16rmsprop_lr0.0001_prep_mobilenet_ep150,0.9,0476.jpg,0.01765486537202085
1140,0FCMN16rmsprop_lr0.0001_prep_mobilenet_ep150,0.9,0763.jpg,0.04766570005702941
1141,0FCMN16rmsprop_lr0.0001_prep_mobilenet_ep150,0.9,0067.jpg,
1142,0FCMN16rmsprop_lr0.0001_prep_mobilenet_ep150,0.9,0771.jpg,0.05941388011451617
1143,0FCMN16rmsprop_lr0.0001_prep_mobilenet_ep150,0.9,0714.jpg,0.15773234770742062
1144,0FCMN16rmsprop_lr0.0001_prep_mobilenet_ep150,0.9,0106.jpg,0.0663897608674151
1145,0FCMN16rmsprop_lr0.0001_prep_mobilenet_ep150,0.9,0440.jpg,0.15843394660873278
1146,0FCMN16rmsprop_lr0.0001_prep_mobilenet_ep150,0.9,0468.jpg,0.059013568622922695
1147,0FCMN16rmsprop_lr0.0001_prep_mobilenet_ep150,0.9,0321.jpg,
1148,0FCMN16rmsprop_lr0.0001_prep_mobilenet_ep150,0.9,0688.jpg,0.06506577942791053
1149,0FCMN16rmsprop_lr0.0001_prep_mobilenet_ep150,0.9,0049.jpg,0.03449722836844128
1150,0FCMN16rmsprop_lr0.0001_prep_mobilenet_ep150,0.9,0010.jpg,0.017687520824050743
1151,0FCMN16rmsprop_lr0.0001_prep_mobilenet_ep150,0.9,0061.jpg,
1152,0FCMN16rmsprop_lr0.0001_prep_mobilenet_ep150,0.9,0666.jpg,0.550346186120191
1153,0FCMN16rmsprop_lr0.0001_prep_mobilenet_ep150,0.9,0323.jpg,0.2522459485725629
1154,0FCMN16rmsprop_lr0.0001_prep_mobilenet_ep150,0.9,0058.jpg,
1155,0FCMN16rmsprop_lr0.0001_prep_mobilenet_ep150,0.9,0429.jpg,0.003718786218596813
1156,0FCMN16rmsprop_lr0.0001_prep_mobilenet_ep150,0.9,0624.jpg,0.2668012529806839
1157,0FCMN16rmsprop_lr0.0001_prep_mobilenet_ep150,0.9,0213.jpg,
1158,0FCMN16rmsprop_lr0.0001_prep_mobilenet_ep150,0.9,0487.jpg,0.038343109457284176
1159,0FCMN16rmsprop_lr0.0001_prep_mobilenet_ep150,0.9,0021.jpg,
1160,0FCMN16rmsprop_lr0.0001_prep_mobilenet_ep150,0.9,0644.jpg,0.02572151069887577
1161,0FCMN16rmsprop_lr0.0001_prep_mobilenet_ep150,0.9,0647.jpg,0.02202750049750881
1162,0FCMN16rmsprop_lr0.0001_prep_mobilenet_ep150,0.9,0150.jpg,0.033395259342942865
1163,0FCMN16rmsprop_lr0.0001_prep_mobilenet_ep150,0.9,0621.jpg,0.14238511407885115
1164,0FCMN16rmsprop_lr0.0001_prep_mobilenet_ep150,0.9,0594.jpg,0.045208432633424805
1165,0FCMN16rmsprop_lr0.0001_prep_mobilenet_ep150,0.9,0175.jpg,0.014938149664146114
1166,0FCMN16rmsprop_lr0.0001_prep_mobilenet_ep150,0.9,0110.jpg,0.01142151045364885
1167,0FCMN16rmsprop_lr0.0001_prep_mobilenet_ep150,0.9,0491.jpg,0.12027641596804829
1168,0FCMN16rmsprop_lr0.0001_prep_mobilenet_ep150,0.9,0669.jpg,0.33002933480597796
1169,0FCMN16rmsprop_lr0.0001_prep_mobilenet_ep150,0.9,0381.jpg,0.003868547383967717
1170,0FCMN16rmsprop_lr0.0001_prep_mobilenet_ep150,0.9,0577.jpg,0.12858448019730326
1171,0FCMN16rmsprop_lr0.0001_prep_mobilenet_ep150,0.9,0584.jpg,0.01701079112212454
1172,0FCMN16rmsprop_lr0.0001_prep_mobilenet_ep150,0.9,0062.jpg,
1173,0FCMN16rmsprop_lr0.0001_prep_mobilenet_ep150,0.9,0733.jpg,0.020402482123410406
1174,0FCMN16rmsprop_lr0.0001_prep_mobilenet_ep150,0.9,0684.jpg,
1175,0FCMN16rmsprop_lr0.0001_prep_mobilenet_ep150,0.9,0336.jpg,0.008995778628423419
1176,0FCMN16rmsprop_lr0.0001_prep_mobilenet_ep150,0.9,0480.jpg,0.01638461259676762
1177,0FCMN16rmsprop_lr0.0001_prep_mobilenet_ep150,0.9,0304.jpg,
1178,0FCMN16rmsprop_lr0.0001_prep_mobilenet_ep150,0.9,0378.jpg,0.009221523662835438
1179,0FCMN16rmsprop_lr0.0001_prep_mobilenet_ep150,0.9,0059.jpg,
1180,0FCMN16rmsprop_lr0.0001_prep_mobilenet_ep150,0.9,0083.jpg,0.11200203529655377
1181,0FCMN16rmsprop_lr0.0001_prep_mobilenet_ep150,0.9,0191.jpg,0.15700638066376255
1182,0FCMN16rmsprop_lr0.0001_prep_mobilenet_ep150,0.9,0037.jpg,0.06569153652493896
1183,0FCMN16rmsprop_lr0.0001_prep_mobilenet_ep150,0.9,0377.jpg,0.017330677786327246
1184,0FCMN16rmsprop_lr0.0001_prep_mobilenet_ep150,0.9,0617.jpg,
1185,0FCMN16rmsprop_lr0.0001_prep_mobilenet_ep150,0.9,0527.jpg,
1186,0FCMN16rmsprop_lr0.0001_prep_mobilenet_ep150,0.9,0071.jpg,
1187,0FCMN16rmsprop_lr0.0001_prep_mobilenet_ep150,0.9,0043.jpg,
1188,0FCMN16rmsprop_lr0.0001_prep_mobilenet_ep150,0.9,0018.jpg,0.03566184350518443
1189,0FCMN16rmsprop_lr0.0001_prep_mobilenet_ep150,0.9,0585.jpg,0.05736912821588935
1190,0FCMN16rmsprop_lr0.0001_prep_mobilenet_ep150,0.9,0687.jpg,
1191,0FCMN16rmsprop_lr0.0001_prep_mobilenet_ep150,0.9,0540.jpg,0.0418135155147231
1192,0FCMN16rmsprop_lr0.0001_prep_mobilenet_ep150,0.9,0001.jpg,0.011083394774377732
1193,0FCMN16rmsprop_lr0.0001_prep_mobilenet_ep150,0.9,0174.jpg,0.016714409262897235
1194,0FCMN16rmsprop_lr0.0001_prep_mobilenet_ep150,0.9,0103.jpg,0.15105983691072267
1195,0FCMN16rmsprop_lr0.0001_prep_mobilenet_ep150,0.9,0076.jpg,0.16625063270402052
1196,0FCMN16rmsprop_lr0.0001_prep_mobilenet_ep150,0.9,0450.jpg,0.006611298269802835
1197,0FCMN16rmsprop_lr0.0001_prep_mobilenet_ep150,0.9,0729.jpg,0.0237291044517134
1198,0FCMN16rmsprop_lr0.0001_prep_mobilenet_ep150,0.9,0068.jpg,0.022460467372155523
1199,0FCMN16rmsprop_lr0.0001_prep_mobilenet_ep150,0.9,0183.jpg,0.006207430881450192
1200,0FCMN16rmsprop_lr0.0001_prep_mobilenet_ep150,0.9,0550.jpg,
1201,0FCMN16rmsprop_lr0.0001_prep_mobilenet_ep150,0.9,0672.jpg,
1202,0FCMN16rmsprop_lr0.0001_prep_mobilenet_ep150,0.9,0710.jpg,0.008352003152942686
1203,0FCMN16rmsprop_lr0.0001_prep_mobilenet_ep150,0.9,0134.jpg,0.10961384854747239
1204,0FCMN16rmsprop_lr0.0001_prep_mobilenet_ep150,0.9,0578.jpg,0.1259907029640774
1205,0FCMN16rmsprop_lr0.0001_prep_mobilenet_ep150,0.9,0675.jpg,0.22449840575567634
1206,0FCMN16rmsprop_lr0.0001_prep_mobilenet_ep150,0.9,0374.jpg,0.06791178797507663
1207,0FCMN16rmsprop_lr0.0001_prep_mobilenet_ep150,0.9,0086.jpg,0.05911777969604292
1208,0FCMN16rmsprop_lr0.0001_prep_mobilenet_ep150,0.9,0749.jpg,0.06449422088477381
1209,0FCMN16rmsprop_lr0.0001_prep_mobilenet_ep150,0.9,0258.jpg,
1210,0FCMN16rmsprop_lr0.0001_prep_mobilenet_ep150,0.9,0087.jpg,
1211,0FCMN16rmsprop_lr0.0001_prep_mobilenet_ep150,0.9,0431.jpg,0.011588867346108183
1212,0FCMN16rmsprop_lr0.0001_prep_mobilenet_ep150,0.9,0015.jpg,
1213,0FCMN16rmsprop_lr0.0001_prep_mobilenet_ep150,0.9,0460.jpg,0.5741862179785678
1214,0FCMN16rmsprop_lr0.0001_prep_mobilenet_ep150,0.9,0626.jpg,
1215,0FCMN16rmsprop_lr0.0001_prep_mobilenet_ep150,0.9,0535.jpg,0.20265317553410347
1216,0FCMN16rmsprop_lr0.0001_prep_mobilenet_ep150,0.9,0187.jpg,0.09621449364508577
1217,0FCMN16rmsprop_lr0.0001_prep_mobilenet_ep150,0.9,0094.jpg,0.008194230614165198
1218,0FCMN16rmsprop_lr0.0001_prep_mobilenet_ep150,0.9,0141.jpg,0.023682552565351688
1219,0FCMN16rmsprop_lr0.0001_prep_mobilenet_ep150,0.9,0372.jpg,0.17929993713453227
1220,0FCMN16rmsprop_lr0.0001_prep_mobilenet_ep150,0.9,0605.jpg,0.30177907399838116
1221,0FCMN16rmsprop_lr0.0001_prep_mobilenet_ep150,0.9,0620.jpg,
1222,0FCMN16rmsprop_lr0.0001_prep_mobilenet_ep150,0.9,0052.jpg,0.033156523694105405
1223,0FCMN16rmsprop_lr0.0001_prep_mobilenet_ep150,0.9,0609.jpg,0.06152925125132506
1224,0FCMN16rmsprop_lr0.0001_prep_mobilenet_ep150,0.9,0063.jpg,
1225,0FCMN16rmsprop_lr0.0001_prep_mobilenet_ep150,0.9,0281.jpg,0.056866663059573004
1226,0FCMN16rmsprop_lr0.0001_prep_mobilenet_ep150,0.9,0517.jpg,0.12918654254186798
1227,0FCMN16rmsprop_lr0.0001_prep_mobilenet_ep150,0.9,0648.jpg,0.014885311147789763
1228,0FCMN16rmsprop_lr0.0001_prep_mobilenet_ep150,0.9,0113.jpg,0.011128809387892428
1229,0FCMN16rmsprop_lr0.0001_prep_mobilenet_ep150,0.9,0398.jpg,0.03216995603640444
1230,0FCMN16rmsprop_lr0.0001_prep_mobilenet_ep150,0.9,0559.jpg,0.4213966498561512
1231,0FCMN16rmsprop_lr0.0001_prep_mobilenet_ep150,0.9,0456.jpg,0.1397736415339131
1232,0FCMN16rmsprop_lr0.0001_prep_mobilenet_ep150,0.9,0735.jpg,
1233,0FCMN16rmsprop_lr0.0001_prep_mobilenet_ep150,0.9,0441.jpg,0.0161985444609539
1234,0FCMN16rmsprop_lr0.0001_prep_mobilenet_ep150,0.9,0463.jpg,0.07664355789084382
1235,0FCMN16rmsprop_lr0.0001_prep_mobilenet_ep150,0.9,0453.jpg,0.014615299362629529
1236,0FCMN16rmsprop_lr0.0001_prep_mobilenet_ep150,0.9,0599.jpg,0.13540793137400053
1237,0FCMN16rmsprop_lr0.0001_prep_mobilenet_ep150,0.9,0764.jpg,
1238,0FCMN16rmsprop_lr0.0001_prep_mobilenet_ep150,0.9,0078.jpg,0.049383822263606776
1239,0FCMN16rmsprop_lr0.0001_prep_mobilenet_ep150,0.9,0619.jpg,0.5267520003476079
1240,0FCMN16rmsprop_lr0.0001_prep_mobilenet_ep150,0.9,0182.jpg,
1241,0FCMN16rmsprop_lr0.0001_prep_mobilenet_ep150,0.9,0282.jpg,
1242,0FCMN16rmsprop_lr0.0001_prep_mobilenet_ep150,0.9,0493.jpg,0.011373910405441631
1243,0FCMN16rmsprop_lr0.0001_prep_mobilenet_ep150,0.9,0747.jpg,0.2703853721537749
1244,0FCMN16rmsprop_lr0.0001_prep_mobilenet_ep150,0.9,0120.jpg,0.03148475667535317
1245,0FCMN16rmsprop_lr0.0001_prep_mobilenet_ep150,0.9,0523.jpg,0.03345308814407013
1246,0FCMN16rmsprop_lr0.0001_prep_mobilenet_ep150,0.9,0430.jpg,0.030682812630856784
1247,0FCMN16rmsprop_lr0.0001_prep_mobilenet_ep150,0.9,0070.jpg,0.073612566684496
1248,0FCMN16rmsprop_lr0.0001_prep_mobilenet_ep150,0.9,0689.jpg,
1249,0FCMN16rmsprop_lr0.0001_prep_mobilenet_ep150,0.9,0554.jpg,0.5359180026327611
1250,0FCMN16rmsprop_lr0.0001_prep_mobilenet_ep150,0.9,0036.jpg,0.10191293738463073
1251,0FCMN16rmsprop_lr0.0001_prep_mobilenet_ep150,0.9,0354.jpg,0.013045072415802994
1252,0FCMN16rmsprop_lr0.0001_prep_mobilenet_ep150,0.9,0189.jpg,
1253,0FCMN16rmsprop_lr0.0001_prep_mobilenet_ep150,0.9,0768.jpg,0.016672603305721595
1254,0FCMN16rmsprop_lr0.0001_prep_mobilenet_ep150,0.9,0717.jpg,0.07523515785589852
1255,0FCMN16rmsprop_lr0.0001_prep_mobilenet_ep150,0.9,0494.jpg,0.02548549169713785
1256,0FCMN16rmsprop_lr0.0001_prep_mobilenet_ep150,0.9,0121.jpg,0.008336742936760387
1257,0FCMN16rmsprop_lr0.0001_prep_mobilenet_ep150,0.9,0084.jpg,0.04928593709068856
1258,0FCMN16rmsprop_lr0.0001_prep_mobilenet_ep150,0.9,0396.jpg,0.03299186193438339
1259,0FCMN16rmsprop_lr0.0001_prep_mobilenet_ep150,0.9,0370.jpg,
